{
    "$schema": "https://schema.management.azure.com/schemas/2015-01-01/deploymentParameters.json#",
    "contentVersion": "1.0.0.0",
    "parameters": {
        "sourceId": {
          "value": "/subscriptions/06fb523b-4dcd-462a-8193-8065c84d0018/resourcegroups/exs-euw-rsg-d-monitor/providers/microsoft.operationalinsights/workspaces/exs-euw-la-d-spoke-01"
        },
        "location": {
          "value": "West Europe"
        },
        "actionGroupId": {
          "value": "/subscriptions/06fb523b-4dcd-462a-8193-8065c84d0018/resourceGroups/exs-euw-rsg-d-monitor/providers/Microsoft.Insights/actiongroups/exs-euw-ag-d-amon-01"
        }
    }
  }