{
    "$schema": "https://schema.management.azure.com/schemas/2015-01-01/deploymentParameters.json#",
    "contentVersion": "1.0.0.0",
    "parameters": {
        "vnetName": {
            "value": "ces-euw-vnt-p-01"
        },
        "subnetPrefix": {
            "value": ["10.71.5.0/24","10.71.6.0/24"]
        },
        "subnetName": {
            "value": ["ces-euw-snt-p-avd-mtm","ces-euw-snt-p-avd-eco"]
        },
        "nsgName": {
            "value": ["ces-euw-nsg-p-avd-mtm","ces-euw-nsg-p-avd-eco"]
        },
        "udrName": {
            "value": ["ces-euw-udr-p-avd-mtm","ces-euw-udr-p-avd-eco"]            
        },
        "location": {
            "value": "west europe"
        }
    }
}