{
    "$schema": "https://schema.management.azure.com/schemas/2019-04-01/deploymentTemplate.json#",
    "contentVersion": "1.0.0.0",
    "parameters": {
        "privateEndpointName": {
            "type": "String"
        },
        "virtualNetworkexternalid": {
            "type": "String"
        },
        "storageAccountexternalid": {
            "type": "String"
        },
        "SubnetName": {
            "type": "String"
        }
    },
    "variables": {},
    "resources": [
        {
            "type": "Microsoft.Network/privateEndpoints",
            "apiVersion": "2020-11-01",
            "name": "[parameters('privateEndpointName')]",
            "location": "westeurope",
            "tags": {
                "Request ID" : "NA"
            },
            "properties": {
                "privateLinkServiceConnections": [
                    {
                        "name": "[parameters('privateEndpointName')]",
                        "properties": {
                            "privateLinkServiceId": "[parameters('storageAccountexternalid')]",
                            "groupIds": [
                                "blob"
                            ],
                            "privateLinkServiceConnectionState": {
                                "status": "Approved",
                                "description": "Auto-Approved",
                                "actionsRequired": "None"
                            }
                        }
                    }
                ],
                "manualPrivateLinkServiceConnections": [],
                "subnet": {
                    "id": "[concat(parameters('virtualNetworkexternalid'), '/subnets/', parameters('SubnetName'))]"
                },
                "customDnsConfigs": []
            }
        }
     ]
}