{
    "$schema": "https://schema.management.azure.com/schemas/2015-01-01/deploymentTemplate.json#",
    "contentVersion": "1.0.0.0",
    "parameters": {
        "SubscriptionId": {
            "type": "string",
            "defaultValue": "c2242621-293d-4604-918a-42718bca43b8",
            "metadata": {
                "description": "description"
            }
        },
        "virtualMachineAdminUserName": {
            "defaultValue": "azadmin",
            "type": "string",
            "metadata": {
                "description": "Administrator Username for the local admin account"
            }
        },
        "virtualMachineAdminPassword": {
            "type": "securestring",
            "metadata": {
                "description": "Administrator password for the local admin account"
            }
        },
        "VirtualMachineName": {
            "type": "array",
            "metadata": {
                "description": "Name of the virtual machine to be created"
            }
        },
        "virtualMachineSize": {
            "type": "string",
            "metadata": {
                "description": "Virtual Machine Size"
            }
        },
        "EnableAcceleratedNetworking": {
            "type": "bool"
        },
        "noOfDataDisk": {
            "type": "int"
        },
        "dataDiskSize": {
            "type": "int"
        },
        "storageAccountName": {
            "type": "string",
            "metadata": {
                "description": "Name of the storage account"
            }
        },
        "storageAccountResourceGroupName": {
            "type": "string",
            "metadata": {
                "description": "Name of the resource group for the existing storage account"
            }
        },
        "existingVirtualNetworkName": {
            "type": "string",
            "metadata": {
                "description": "Name of the existing VNET"
            }
        },
        "existingVirtualNetworkResourceGroup": {
            "type": "string",
            "metadata": {
                "description": "Name of the existing VNET resource group"
            }
        },
        "Infra-SubnetName": {
            "type": "string",
            "metadata": {
                "description": "Name of the subnet in the virtual network you want to use"
            }
        },
        "SharedImageGalleryResourceGroupName": {
            "type": "string",
            "metadata": {
                "description": "Name of the Shared Image Gallery Resource Group."
            }
        },
        "galleryName": {
            "type": "string",
            "metadata": {
                "description": "Name of the Shared Image Gallery."
            }
        },
        "galleryImageDefinitionName": {
            "type": "string",
            "metadata": {
                "description": "Name of the Image Definition."
            }
        },
        "galleryImageVersionName": {
            "type": "string",
            "metadata": {
                "description": "Name of the Image Version - should follow <MajorVersion>.<MinorVersion>.<Patch>."
            }
        },
        "location": {
            "type": "string",
            "metadata": {
                "description": "Location for all resources."
            }
        },
        "domainJoinUserName": {
            "type": "string",
            "metadata": {
                "description": "Domain NetBiosName plus User name of a domain user with sufficient rights to perfom domain join operation. E.g. domain\\username"
            }
        },
        "domainJoinUserPassword": {
            "type": "securestring",
            "metadata": {
                "description": "Domain user password"
            }
        },
        "domainFQDN": {
            "type": "string",
            "metadata": {
                "description": "Domain FQDN where the virtual machine will be joined"
            }
        },
        "ouPath": {
            "type": "string",
            "defaultValue": "",
            "metadata": {
                "description": "Specifies an organizational unit (OU) for the domain account. Enter the full distinguished name of the OU in quotation marks. Example: \"OU=testOU; DC=domain; DC=Domain; DC=com\""
            }
        },
        "Ostype": {
            "type": "string",
            "metadata": {
                "description": "description"
            }
        }
    },
    "variables": {
        "InfraSubnetRef": "[resourceId(parameters('existingVirtualNetworkResourceGroup'), 'Microsoft.Network/virtualNetworks/subnets', parameters('existingVirtualNetworkName'),  parameters('Infra-SubnetName'))]",
        "SharedImageGalleryRef": "[resourceId(parameters('SubscriptionId'),parameters('SharedImageGalleryResourceGroupName'),'Microsoft.Compute/galleries/images/versions', parameters('galleryName'), parameters('galleryImageDefinitionName'), parameters('galleryImageVersionName'))]",
        "domainJoinOptions": 3
    },
    "resources": [
        {
            "type": "Microsoft.Network/networkInterfaces",
            "name": "[concat(parameters('VirtualMachineName')[copyIndex()],'-NIC')]",
            "apiVersion": "2018-11-01",
            "location": "[parameters('location')]",
            "copy": {
                "name": "NICCopy",
                "count": "[length(parameters('VirtualMachineName'))]",
                "mode": "Serial"
            },
            "properties": {
                "ipConfigurations": [
                    {
                        "name": "ipconfig1",
                        "properties": {
                            "privateIPAllocationMethod": "Dynamic",
                            "subnet": {
                                "id": "[variables('InfraSubnetRef')]"
                            }
                        }
                    }
                ],
                "dnsSettings": {
                    "dnsServers": [
                        "10.45.0.132",
                        "10.45.0.133"
                    ]
                },
                "enableIPForwarding": false,
                "enableAcceleratedNetworking": "[parameters('EnableAcceleratedNetworking')]"
            }
        },
        {
            "type": "Microsoft.Compute/virtualMachines",
            "name": "[parameters('VirtualMachineName')[copyIndex()]]",
            "apiVersion": "2019-07-01",
            "location": "[parameters('location')]",
            "copy": {
                "name": "DC-VMCopy",
                "count": "[length(parameters('VirtualMachineName'))]",
                "mode": "Serial"
            },
            "properties": {
                "licenseType": "Windows_Server",
                "hardwareProfile": {
                    "vmSize": "[parameters('virtualMachineSize')]"
                },
                "storageProfile": {
                    "imageReference": {
                        "id": "[variables('SharedImageGalleryRef')]"
                    },
                    "osDisk": {
                        "createOption": "FromImage",
                        "caching": "ReadWrite",
                        "managedDisk": {
                            "storageAccountType": "StandardSSD_LRS"
                        },
                        "name": "[concat(parameters('VirtualMachineName')[copyIndex()],'-OSDisk')]"
                    },
                    "copy": [
                        {
                            "name": "dataDisks",
                            "count": "[parameters('noOfDataDisk')]",
                            "input": {
                                "diskSizeGB": "[parameters('dataDiskSize')]",
                                "lun": "[copyIndex('dataDisks')]",
                                "createOption": "Empty",
                                "managedDisk": {
                                    "storageAccountType": "Standard_LRS"
                                },
                                "name": "[concat(parameters('VirtualMachineName')[copyIndex()],'-Data-Disk')]"
                            }
                        }
                    ]
                },
                "osProfile": {
                    "computerName": "[parameters('VirtualMachineName')[copyIndex()]]",
                    "adminUsername": "[parameters('virtualMachineAdminUserName')]",
                    "windowsConfiguration": {
                        "provisionVMAgent": true
                    },
                    "secrets": [],
                    "adminPassword": "[parameters('virtualMachineAdminPassword')]"
                },
                "networkProfile": {
                    "networkInterfaces": [
                        {
                            "id": "[resourceId('Microsoft.Network/networkInterfaces',concat(parameters('VirtualMachineName')[copyIndex()],'-NIC'))]"
                        }
                    ]
                },
                "diagnosticsProfile": {
                    "bootDiagnostics": {
                        "enabled": true,
                        "storageUri": "[reference(resourceId(parameters('storageAccountResourceGroupName'), 'Microsoft.Storage/storageAccounts/', parameters('storageAccountName')), '2017-06-01').primaryEndpoints.blob]"
                    }
                }
            },
            "dependsOn": [
                "[resourceId('Microsoft.Network/networkInterfaces',concat(parameters('VirtualMachineName')[copyIndex()],'-NIC'))]"
            ]
        },
        {
            "comments": "Join domain - JsonADDomainExtension",
            "apiVersion": "2015-06-15",
            "type": "Microsoft.Compute/virtualMachines/extensions",
            "name": "[concat(parameters('VirtualMachineName')[copyIndex()],'/joindomain')]",
            "dependsOn": [
                "[resourceId('Microsoft.Compute/virtualMachines', parameters('VirtualMachineName')[copyIndex()])]"
            ],
            "location": "[parameters('location')]",
            "copy": {
                "name": "domain-copy",
                "count": "[length(parameters('VirtualMachineName'))]"
            },
            "properties": {
                "publisher": "Microsoft.Compute",
                "type": "JsonADDomainExtension",
                "typeHandlerVersion": "1.3",
                "autoUpgradeMinorVersion": true,
                "settings": {
                    "Name": "[parameters('domainFQDN')]",
                    "User": "[parameters('domainJoinUserName')]",
                    "Restart": "true",
                    "Options": "[variables('domainJoinOptions')]",
                    "OUPath": "[parameters('ouPath')]"
                },
                "protectedSettings": {
                    "Password": "[parameters('domainJoinUserPassword')]"
                }
            }
        }
    ]
}