{
    "$schema": "https://schema.management.azure.com/schemas/2019-04-01/deploymentTemplate.json#",
    "contentVersion": "1.0.0.0",
    "parameters": {
        "vnetName": {
            "type": "string"
        },
        "subnetPrefix": {
            "type": "array"
        },
        "subnetName": {
            "type": "array"
        },
        "location": {
            "type": "string"
        }
    },
    "variables": {},
    "resources": [
        {
            "apiVersion": "2018-10-01",
            "type": "Microsoft.Network/virtualNetworks/subnets",
            "location": "[parameters('location')]",
            "name": "[concat(parameters('vnetName'),'/',parameters('subnetName')[copyIndex()])]",
            "properties": {
                "addressPrefix": "[parameters('subnetPrefix')[copyIndex()]]"
            },
            "copy": {
                "name": "subnet-copy",
                "count": "[length(parameters('subnetName'))]",
                "mode": "Serial"
            }
        }

    ]
}