{
    "$schema": "https://schema.management.azure.com/schemas/2019-04-01/deploymentParameters.json#",
    "contentVersion": "1.0.0.0",
    "parameters": {
        "AlertName": {
            "value": "Alert ! Service Health Notification"
        },
        "Actiongroup": {
            "value": "/subscriptions/efb88ecf-81a3-4e8b-9df5-1075a6a36ee4/resourceGroups/ces-euw-rsg-t-monitor/providers/microsoft.insights/actionGroups/ces-euw-ag-t-amon-01"
        },
        "Alertdescription": {
            "value": "Service Health Notification"
        },
        "Subscriptionid": {
            "value": "/subscriptions/efb88ecf-81a3-4e8b-9df5-1075a6a36ee4"
        }
    }
}