{
    "$schema": "https://schema.management.azure.com/schemas/2019-04-01/deploymentParameters.json#",
    "contentVersion": "1.0.0.0",
    "parameters": {
        "AlertName": {
            "value": "Alert ! Service Health Notification"
        },
        "Actiongroup": {
            "value": "/subscriptions/20e5b9e1-dd74-4034-bc0b-4715f62f4991/resourceGroups/ces-euw-rsg-u-monitor/providers/microsoft.insights/actionGroups/ces-euw-ag-u-amon-01"
        },
        "Alertdescription": {
            "value": "Service Health Notification"
        },
        "Subscriptionid": {
            "value": "/subscriptions/2b562a09-ef3e-446a-abde-ca77b359afc1"
        }
    }
}