{
    "$schema": "https://schema.management.azure.com/schemas/2019-04-01/deploymentParameters.json#",
    "contentVersion": "1.0.0.0",
    "parameters": {
        "AlertName": {
            "value": "Alert ! Service Health Notification"
        },
        "Actiongroup": {
            "value": "/subscriptions/eb44f219-74d0-4895-8a22-ffef78df6c4d/resourceGroups/ces-euw-rsg-d-monitor/providers/microsoft.insights/actionGroups/ces-euw-ag-d-amon-01"
        },
        "Alertdescription": {
            "value": "Service Health Notification"
        },
        "Subscriptionid": {
            "value": "/subscriptions/eb44f219-74d0-4895-8a22-ffef78df6c4d"
        }
    }
}