{
    "$schema": "https://schema.management.azure.com/schemas/2019-04-01/deploymentParameters.json#",
    "contentVersion": "1.0.0.0",
    "parameters": {
        "actionGroupName": {
            "value": "brh-trn-euw-ag-hub-amon-01"
        },
        "actionGroupShortName": {
            "value": "trn-euw-ag01"
        },
        "WebhookserviceUri": {
            "value": "https://azuremonitor.borealisgroup.com"
        },
        "Webhookname": {
            "value": "Azure Webhook transit hub"
        }
    }
}