{
    "$schema": "https://schema.management.azure.com/schemas/2019-04-01/deploymentTemplate.json#",
    "contentVersion": "1.0.0.0",
    "parameters": {},
    "functions": [],
    "variables": {
        "Testroutetable1": "brh-trn-euw-udr-hub-afw",
        "Testroutetable2": "brh-trn-euw-udr-hub-gw",
        "Testroutetable3": "brh-trn-euw-udr-hub-nva",
        "Subnetafw": "AzureFirewallSubnet",
        "Subnetgw": "GatewaySubnet",
        "Subnetnva": "brh-trn-euw-snt-hub-nva",
        "TrnhubvirtualNetworkName": "brh-trn-euw-vnt-hub-01"
    },
    "resources": [
        {
            "name": "[concat(variables('TrnhubvirtualNetworkName'),'/',variables('Subnetafw'))]",
            "type": "Microsoft.Network/virtualNetworks/subnets",
            "apiVersion": "2018-10-01",
            "location": "West Europe",
            "properties": {
                "addressPrefix": "10.53.2.0/26",
                "routeTable": {
                    "id": "[resourceId('Microsoft.Network/routeTables',variables('Testroutetable1'))]"
                },
                "serviceEndpoints": [

                ]
            }
        },
        {
            "name": "[variables('Testroutetable1')]",
            "type": "Microsoft.Network/routeTables",
            "location": "West Europe",
            "apiVersion": "2019-11-01",
            "properties": {
                "disableBgpRoutePropagation": true,
                "routes": [
                    {
                        "name": "brh-trn-euw-udr-hub-afw-to-dwf-backend-ic",
                        "properties": {
                            "addressPrefix": "10.100.100.0/24",
                            "nextHopType": "VirtualAppliance",
                            "nextHopIpAddress": "10.1.251.4"
                        }
                    },
                    {
                        "name": "brh-trn-euw-udr-hub-afw-to-dwf-chocolately",
                        "properties": {
                            "addressPrefix": "10.3.2.5/32",
                            "nextHopType": "VirtualAppliance",
                            "nextHopIpAddress": "10.1.251.4"
                        }
                    },
                    {
                        "name": "brh-trn-euw-udr-hub-afw-to-dwf-oms",
                        "properties": {
                            "addressPrefix": "10.3.3.4/32",
                            "nextHopType": "VirtualAppliance",
                            "nextHopIpAddress": "10.1.251.4"
                        }
                    },
                    {
                        "name": "brh-trn-euw-udr-hub-afw-to-dwf-saptool",
                        "properties": {
                            "addressPrefix": "10.5.6.4/32",
                            "nextHopType": "VirtualAppliance",
                            "nextHopIpAddress": "10.1.251.4"
                        }
                    },
                    {
                        "name": "brh-trn-euw-udr-hub-afw-to-dwf_backend",
                        "properties": {
                            "addressPrefix": "10.3.2.11/32",
                            "nextHopType": "VirtualAppliance",
                            "nextHopIpAddress": "10.1.251.4"
                        }
                    },
                    {
                        "name": "brh-trn-euw-udr-hub-afw-to-dwf_backend_blueprism",
                        "properties": {
                            "addressPrefix": "10.60.0.0/24",
                            "nextHopType": "VirtualAppliance",
                            "nextHopIpAddress": "10.1.251.4"
                        }
                    },
                    {
                        "name": "brh-trn-euw-udr-hub-afw-to-internet",
                        "properties": {
                            "addressPrefix": "0.0.0.0/0",
                            "nextHopType": "Internet"
                        }
                    },
                    {
                        "name": "brh-trn-euw-udr-hub-afw-to-onpremise",
                        "properties": {
                            "addressPrefix": "10.0.0.0/8",
                            "nextHopType": "None"
                        }
                    },
                    {
                        "name": "brh-trn-euw-udr-hub-afw-to-rpa",
                        "properties": {
                            "addressPrefix": "10.56.0.0/16",
                            "nextHopType": "VirtualNetworkGateway"
                        }
                    },
                    {
                        "name": "brh-trn-euw-udr-hub-afw-to-rpa-p",
                        "properties": {
                            "addressPrefix": "10.55.0.0/16",
                            "nextHopType": "VirtualNetworkGateway"
                        }
                    },
                    {
                        "name": "brh-trn-euw-udr-hub-afw-to-rpa-t",
                        "properties": {
                            "addressPrefix": "10.58.0.0/16",
                            "nextHopType": "VirtualNetworkGateway"
                        }
                    }
                ]
            }
        },
        {
            "name": "[concat(variables('TrnhubvirtualNetworkName'),'/',variables('Subnetgw'))]",
            "type": "Microsoft.Network/virtualNetworks/subnets",
            "apiVersion": "2018-10-01",
            "location": "West Europe",
            "properties": {
                "addressPrefix": "10.53.0.0/27",
                "routeTable": {
                    "id": "[resourceId('Microsoft.Network/routeTables',variables('Testroutetable2'))]"
                },
                "serviceEndpoints": [

                ]
            }
        },
        {
            "name": "[variables('Testroutetable2')]",
            "type": "Microsoft.Network/routeTables",
            "location": "West Europe",
            "apiVersion": "2019-11-01",
            "properties": {
                "disableBgpRoutePropagation": false,
                "routes": [
                    {
                        "name": "brh-trn-euw-udr-hub-gw-to-dwf-blueprism",
                        "properties": {
                            "addressPrefix": "10.60.0.0/24",
                            "nextHopType": "VirtualAppliance",
                            "nextHopIpAddress": "10.53.2.4"
                        }
                    },
                    {
                        "name": "brh-trn-euw-udr-hub-gw-to-ces-euw-vnt-d-01",
                        "properties": {
                            "addressPrefix": "10.73.0.0/16",
                            "nextHopType": "None"
                        }
                    },
                    {
                        "name": "brh-trn-euw-udr-hub-gw-to-ces-euw-vnt-p-01",
                        "properties": {
                            "addressPrefix": "10.71.0.0/16",
                            "nextHopType": "None"
                        }
                    },
                    {
                        "name": "brh-trn-euw-udr-hub-gw-to-ces-euw-vnt-t-01",
                        "properties": {
                            "addressPrefix": "10.75.0.0/16",
                            "nextHopType": "None"
                        }
                    },
                    {
                        "name": "brh-trn-euw-udr-hub-gw-to-ces-euw-vnt-u-01",
                        "properties": {
                            "addressPrefix": "10.76.0.0/16",
                            "nextHopType": "None"
                        }
                    },
                    {
                        "name": "brh-trn-euw-udr-hub-gw-to-pos-euw-vnt-d-01",
                        "properties": {
                            "addressPrefix": "10.65.0.0/16",
                            "nextHopType": "None"
                        }
                    },
                    {
                        "name": "brh-trn-euw-udr-hub-gw-to-pos-euw-vnt-p-01",
                        "properties": {
                            "addressPrefix": "10.62.0.0/16",
                            "nextHopType": "None"
                        }

                    },
                    {
                        "name": "brh-trn-euw-udr-hub-gw-to-pos-euw-vnt-t-01",
                        "properties": {
                            "addressPrefix": "10.66.0.0/16",
                            "nextHopType": "None"
                        }

                    },
                    {
                        "name": "brh-trn-euw-udr-hub-gw-to-pos-euw-vnt-u-01",
                        "properties": {
                            "addressPrefix": "10.68.0.0/16",
                            "nextHopType": "None"
                        }
                    },
                    {
                        "name": "brh-trn-euw-udr-hub-gw-to-brh-euw-snt-p-hub-cp-ext",
                        "properties": {
                            "addressPrefix": "10.45.0.0/28",
                            "nextHopType": "None"
                        }
                    },
                    {
                        "name": "brh-trn-euw-udr-hub-gw-to-brh-euw-snt-p-hub-infra",
                        "properties": {
                            "addressPrefix": "10.45.0.128/26",
                            "nextHopType": "None"
                        }
                    },
                    {
                        "name": "brh-trn-euw-udr-hub-gw-to-brh-euw-snt-p-hub-jp-mgmt",
                        "properties": {
                            "addressPrefix": "10.45.0.64/28",
                            "nextHopType": "None"
                        }
                    },
                    {
                        "name": "brh-trn-euw-udr-hub-gw-to-brh-euw-snt-p-hub-jp-trust",
                        "properties": {
                            "addressPrefix": "10.45.0.48/28",
                            "nextHopType": "None"
                        }
                    },
                    {
                        "name": "brh-trn-euw-udr-hub-gw-to-brh-euw-snt-p-hub-mgmt",
                        "properties": {
                            "addressPrefix": "10.45.2.0/24",
                            "nextHopType": "None"
                        }
                    },
                    {
                        "name": "brh-trn-euw-udr-hub-gw-to-brh-euw-snt-p-hub-waf-mgmt",
                        "properties": {
                            "addressPrefix": "10.45.1.0/24",
                            "nextHopType": "None"
                        }
                    },
                    {
                        "name": "brh-trn-euw-udr-hub-gw-to-onpremise",
                        "properties": {
                            "addressPrefix": "10.0.0.0/8",
                            "nextHopType": "None"
                        }
                    },
                                        {
                        "name": "brh-trn-euw-udr-hub-gw-to-brh-euw-snt-p-hub-img",
                        "properties": {
                            "addressPrefix": "10.45.4.0/28",
                            "nextHopType": "None"
                        }
                    },
                    {
                        "name": "brh-trn-euw-udr-hub-gw-to-brh-euw-snt-p-hub-shir",
                        "properties": {
                            "addressPrefix": "10.45.5.0/27",
                            "nextHopType": "None"
                        }
                    },
                    {
                        "name": "brh-trn-euw-udr-hub-gw-to-brs-euw-vnt-d-01",
                        "properties": {
                            "addressPrefix": "10.49.0.0/16",
                            "nextHopType": "None"
                        }
                    },
                    {
                        "name": "brh-trn-euw-udr-hub-gw-to-brs-euw-vnt-p-01",
                        "properties": {
                            "addressPrefix": "10.46.0.0/16",
                            "nextHopType": "None"
                        }
                    },
                    {
                        "name": "brh-trn-euw-udr-hub-gw-to-brs-euw-vnt-t-01",
                        "properties": {
                            "addressPrefix": "10.48.0.0/16",
                            "nextHopType": "None"
                        }
                    },
                    {
                        "name": "brh-trn-euw-udr-hub-gw-to-brs-euw-vnt-u-01",
                        "properties": {
                            "addressPrefix": "10.52.0.0/16",
                            "nextHopType": "None"
                        }
                    },
                    {
                        "name": "brh-trn-euw-udr-hub-gw-to-dwf-backend",
                        "properties": {
                            "addressPrefix": "10.3.2.11/32",
                            "nextHopType": "VirtualAppliance",
                            "nextHopIpAddress": "10.53.2.4"
                        }
                    },
                    {
                        "name": "brh-trn-euw-udr-hub-gw-to-dwf-backend-ic",
                        "properties": {
                            "addressPrefix": "10.100.100.0/24",
                            "nextHopType": "VirtualAppliance",
                            "nextHopIpAddress": "10.53.2.4"
                        }
                    },
                    {
                        "name": "brh-trn-euw-udr-hub-gw-to-dwf-chocolately",
                        "properties": {
                            "addressPrefix": "10.3.2.5/32",
                            "nextHopType": "VirtualAppliance",
                            "nextHopIpAddress": "10.53.2.4"
                        }
                    },

                    {
                        "name": "brh-trn-euw-udr-hub-gw-to-dwf-oms",
                        "properties": {
                            "addressPrefix": "10.3.3.4/32",
                            "nextHopType": "VirtualAppliance",
                            "nextHopIpAddress": "10.53.2.4"
                        }
                    },
                    {
                        "name": "brh-trn-euw-udr-hub-gw-to-dwf-sap",
                        "properties": {
                            "addressPrefix": "10.5.6.4/32",
                            "nextHopType": "VirtualAppliance",
                            "nextHopIpAddress": "10.53.2.4"
                        }
                    }
                ]

            }
        },
        {
            "name": "[concat(variables('TrnhubvirtualNetworkName'),'/',variables('Subnetnva'))]",
            "type": "Microsoft.Network/virtualNetworks/subnets",
            "apiVersion": "2018-10-01",
            "location": "West Europe",
            "properties": {
                "addressPrefix": "10.53.1.0/24",
                "routeTable": {
                    "id": "[resourceId('Microsoft.Network/routeTables',variables('Testroutetable3'))]"
                },
                "serviceEndpoints": [

                ]
            }
        },
        {
            "name": "[variables('Testroutetable3')]",
            "type": "Microsoft.Network/routeTables",
            "location": "West Europe",
            "apiVersion": "2019-11-01",
            "properties": {
                "disableBgpRoutePropagation": true,
                "routes": [
                    {
                        "name": "brh-trn-euw-udr-hub-nva-to-dwf-backend",
                        "properties": {
                            "addressPrefix": "10.3.2.11/32",
                            "nextHopType": "VirtualAppliance",
                            "nextHopIpAddress": "10.1.251.4"
                        }
                    },
                    {
                        "name": "brh-trn-euw-udr-hub-nva-to-dwf-backend-rpa",
                        "properties": {
                            "addressPrefix": "10.60.0.0/24",
                            "nextHopType": "VirtualAppliance",
                            "nextHopIpAddress": "10.1.251.4"
                        }
                    },
                    {
                        "name": "brh-trn-euw-udr-hub-nva-to-dwf-chocolately",
                        "properties": {
                            "addressPrefix": "10.3.2.5/32",
                            "nextHopType": "VirtualAppliance",
                            "nextHopIpAddress": "10.1.251.4"
                        }
                    },
                    {
                        "name": "brh-trn-euw-udr-hub-nva-to-dwf-oms",
                        "properties": {
                            "addressPrefix": "10.3.3.4/32",
                            "nextHopType": "VirtualAppliance",
                            "nextHopIpAddress": "10.1.251.4"
                        }
                    },
                    {
                        "name": "brh-trn-euw-udr-hub-nva-to-dwf-sap",
                        "properties": {
                            "addressPrefix": "10.5.6.4/32",
                            "nextHopType": "VirtualAppliance",
                            "nextHopIpAddress": "10.1.251.4"
                        }
                    },
                    {
                        "name": "brh-trn-euw-udr-hub-nva-to-exs-euw-vnt-d-01",
                        "properties": {
                            "addressPrefix": "10.56.0.0/16",
                            "nextHopType": "VirtualNetworkGateway"
                        }
                    },
                    {
                        "name": "brh-trn-euw-udr-hub-nva-to-internet",
                        "properties": {
                            "addressPrefix": "0.0.0.0/0",
                            "nextHopType": "None"
                        }

                    },
                    {
                        "name": "brh-trn-euw-udr-hub-nva-to-onpremise",
                        "properties": {
                            "addressPrefix": "10.0.0.0/8",
                            "nextHopType": "None"
                        }

                    }
                ]

            }
        }

    ],
    "outputs": {}
}