{
    "$schema": "https://schema.management.azure.com/schemas/2019-04-01/deploymentTemplate.json#",
    "contentVersion": "1.0.0.0",
    "parameters": {},
    "functions": [],
    "variables": {
        "nvaroutestransithub": "brh-trn-euw-udr-hub-nva",
        "transithubvnet": "brh-trn-euw-vnt-hub-01",
        "hubnvasubnet": "brh-trn-euw-snt-hub-nva"

    },
    "resources": [
        {
            "name": "[concat(variables('transithubvnet'),'/',variables('hubnvasubnet'))]",
            "type": "Microsoft.Network/virtualNetworks/subnets",
            "apiVersion": "2018-10-01",
            "location": "West Europe",
            "properties": {
                "addressPrefix": "10.53.1.0/24",
                "routeTable": {
                    "id": "[resourceId('Microsoft.Network/routeTables',variables('nvaroutestransithub'))]"
                },
                "serviceEndpoints": [

                ]

            }
        },
        {
            "name": "[variables('nvaroutestransithub')]",
            "type": "Microsoft.Network/routeTables",
            "location": "West Europe",
            "apiVersion": "2019-11-01",
            "properties": {
                "disableBgpRoutePropagation": false,
                "routes": [
                    {
                        "name": "brh-trn-euw-udr-hub-nva-to-dwf-backend-rpa",
                        "properties": {
                            "addressPrefix": "10.60.0.0/24",
                            "nextHopType": "VirtualAppliance",
                            "nextHopIpAddress":"10.1.251.4"
                        }
                    },
                    {
                        "name": "brh-trn-euw-udr-hub-nva-to-exs-euw-vnt-d-01",
                        "properties": {
                            "addressPrefix": "10.56.0.0/16",
                            "nextHopType": "VirtualNetworkGateway"
                        }
                    },
                    {
                        "name": "brh-trn-euw-udr-hub-nva-to-internet",
                        "properties": {
                            "addressPrefix": "0.0.0.0/0",
                            "nextHopType": "None"
                        }
                    }   

                ]
            }
        }
    ],
    "outputs": {}
}