{
    "$schema": "https://schema.management.azure.com/schemas/2015-01-01/deploymentTemplate.json#",
    "contentVersion": "1.0.0.0",
    "parameters": {
        "location": {
            "type": "string"
        },
        "privateEndpointName": {
            "type": "string"
        },
        "privateLinkResource": {
            "type": "string"
        },
        "targetSubResource": {
            "type": "array"
        },
        "requestMessage": {
            "type": "string"
        },
        "subnet": {
            "type": "string"
        },
        "virtualNetworkId": {
            "type": "string"
        },
        "virtualNetworkResourceGroup": {
            "type": "string"
        },
        "subnetDeploymentName": {
            "type": "string"
        },
        "applicationSecurityGroups": {
            "type": "array"
        },
        "applicationSecurityGroupsDeployment": {
            "type": "string"
        }
    },
    "resources": [
        {
            "location": "[parameters('location')]",
            "name": "[parameters('privateEndpointName')]",
            "type": "Microsoft.Network/privateEndpoints",
            "apiVersion": "2021-03-01",
            "properties": {
                "subnet": {
                    "id": "[parameters('subnet')]",
                    "applicationSecurityGroups": "[parameters('applicationSecurityGroups')]"
                },
                "privateLinkServiceConnections": [
                    {
                        "name": "[parameters('privateEndpointName')]",
                        "properties": {
                            "privateLinkServiceId": "[parameters('privateLinkResource')]",
                            "groupIds": "[parameters('targetSubResource')]"
                        }
                    }
                ]
            },
            "tags": {},
            "dependsOn": [
                "[parameters('applicationSecurityGroupsDeployment')]"
            ]
        },
        {
            "apiVersion": "2021-04-01",
            "type": "Microsoft.Resources/deployments",
            "name": "[parameters('applicationSecurityGroupsDeployment')]",
            "resourceGroup": "brs-euw-rsg-p-dna",
            "properties": {
                "mode": "Incremental",
                "parameters": {},
                "template": {
                    "$schema": "https://schema.management.azure.com/schemas/2015-01-01/deploymentTemplate.json#",
                    "contentVersion": "1.0.0.0",
                    "parameters": {},
                    "resources": []
                }
            },
            "tags": {
                "marketplaceItemId": "Microsoft.ApplicationSecurityGroup"
            }
        },
        {
            "apiVersion": "2017-05-10",
            "name": "DnsZoneGroup-20220222101411",
            "type": "Microsoft.Resources/deployments",
            "resourceGroup": "brs-euw-rsg-p-dna",
            "dependsOn": [
                "[parameters('privateEndpointName')]"
            ],
            "properties": {
                "mode": "Incremental",
                "template": {
                    "$schema": "https://schema.management.azure.com/schemas/2015-01-01/deploymentTemplate.json#",
                    "contentVersion": "1.0.0.0",
                    "resources": [
                        {
                            "type": "Microsoft.Network/privateEndpoints/privateDnsZoneGroups",
                            "apiVersion": "2021-03-01",
                            "name": "[concat(parameters('privateEndpointName'), '/', 'default')]",
                            "location": "[parameters('location')]",
                            "properties": {
                                "privateDnsZoneConfigs": [
                                    {
                                        "name": "privatelink-file-core-windows-net",
                                        "properties": {
                                            "privateDnsZoneId": "/subscriptions/c2242621-293d-4604-918a-42718bca43b8/resourceGroups/brh-euw-rsg-p-hub-network/providers/Microsoft.Network/privateDnsZones/privatelink.file.core.windows.net"
                                        }
                                    }
                                ]
                            }
                        }
                    ]
                }
            }
        }
    ]
}