{
    "$schema": "https://schema.management.azure.com/schemas/2019-04-01/deploymentTemplate.json#",
    "contentVersion": "1.0.0.0",
    "parameters": {},
    "functions": [],
    "variables": {
        "Prodroutetable1": "pos-euw-udr-p-app",
        "Prodroutetable2": "pos-euw-udr-p-dbiaas",
        "Prodroutetable3": "pos-euw-udr-p-dbpaas",
        "Prodroutetable4": "pos-euw-udr-p-feiaas",
        "Prodroutetable5": "pos-euw-udr-p-fepaas",
        "Prodroutetable6": "pos-euw-udr-p-avd-dym",
        "SubnetApp": "pos-euw-snt-p-app",
        "SubnetFeiaas": "pos-euw-snt-p-feiaas",
        "SubnetFepass": "pos-euw-snt-p-fepaas",
        "SubnetDbiaas": "pos-euw-snt-p-dbiaas",
        "SubnetDbpaas": "pos-euw-snt-p-dbpaas",
        "Subnetavddym": "pos-euw-snt-p-avd-dym",
        "nsgApp": "pos-euw-nsg-p-app",
        "nsgFeiaas": "pos-euw-nsg-p-feiaas",
        "nsgFepass": "pos-euw-nsg-p-fepaas",
        "nsgDbiaas": "pos-euw-nsg-p-dbiaas",
        "nsgDbpaas": "pos-euw-nsg-p-dbpaas",
        "nsgavddym": "pos-euw-nsg-p-avd-dym",
        "ProdvirtualNetworkName": "pos-euw-vnt-p-01"
    },
    "resources": [
        {
            "name": "[concat(variables('ProdvirtualNetworkName'),'/',variables('SubnetApp'))]",
            "type": "Microsoft.Network/virtualNetworks/subnets",
            "apiVersion": "2018-10-01",
            "location": "West Europe",
            "properties": {
                "addressPrefix": "10.62.1.0/24",
                "routeTable": {
                    "id": "[resourceId('Microsoft.Network/routeTables',variables('Prodroutetable1'))]"
                },
                "networkSecurityGroup": {
                    "id": "[resourceId('Microsoft.Network/networkSecurityGroups',variables('nsgapp'))]"
                },
                "serviceEndpoints": [

                ]
            }
        },
        {
            "name": "[variables('Prodroutetable1')]",
            "type": "Microsoft.Network/routeTables",
            "dependsOn": [
                "[resourceId('Microsoft.Network/virtualNetworks/subnets', variables('ProdvirtualNetworkName'), variables('SubnetApp'))]"
            ],
            "location": "West Europe",
            "apiVersion": "2019-11-01",
            "properties": {
                "disableBgpRoutePropagation": true,
                "routes": [
                    {
                        "name": "pos-euw-udr-p-app-to-brh-euw-snt-p-hub-infra",
                        "properties": {
                            "addressPrefix": "10.45.0.128/26",
                            "nextHopType": "VirtualAppliance",
                            "nextHopIpAddress": "10.45.0.52"
                        }
                    },
                    {
                        "name": "pos-euw-udr-p-app-to-brh-euw-snt-p-hub-mgmt",
                        "properties": {
                            "addressPrefix": "10.45.2.0/24",
                            "nextHopType": "VirtualAppliance",
                            "nextHopIpAddress": "10.45.0.52"
                        }
                    },
                    {
                        "name": "pos-euw-udr-p-app-to-pos-euw-vnt-d-01",
                        "properties": {
                            "addressPrefix": "10.65.0.0/16",
                            "nextHopType": "VirtualAppliance",
                            "nextHopIpAddress": "10.45.0.52"
                        }
                    },
                    {
                        "name": "pos-euw-udr-p-app-to-pos-euw-vnt-t-01",
                        "properties": {
                            "addressPrefix": "10.66.0.0/16",
                            "nextHopType": "VirtualAppliance",
                            "nextHopIpAddress": "10.45.0.52"
                        }
                    },
                    {
                        "name": "pos-euw-udr-p-app-to-pos-euw-vnt-u-01",
                        "properties": {
                            "addressPrefix": "10.68.0.0/16",
                            "nextHopType": "VirtualAppliance",
                            "nextHopIpAddress": "10.45.0.52"
                        }
                    },
                    {
                        "name": "pos-euw-udr-p-app-to-internet",
                        "properties": {
                            "addressPrefix": "0.0.0.0/0",
                            "nextHopType": "VirtualAppliance",
                            "nextHopIpAddress": "10.45.0.20"
                        }
                    },
                    {
                        "name": "pos-euw-udr-p-app-to-brh-euw-snt-p-hub-jp-mgmt",
                        "properties": {
                            "addressPrefix": "10.45.0.64/28",
                            "nextHopType": "None"
                        }
                    },
                    {
                        "name": "pos-euw-udr-p-app-to-brh-euw-snt-p-hub-cp-ext",
                        "properties": {
                            "addressPrefix": "10.45.0.0/28",
                            "nextHopType": "None"
                        }

                    },
                    {
                        "name": "pos-euw-udr-p-app-to-brh-euw-udr-p-hub-gw",
                        "properties": {
                            "addressPrefix": "10.45.0.96/27",
                            "nextHopType": "None"
                        }

                    },
                    {
                        "name": "pos-euw-udr-p-app-to-onpremise",
                        "properties": {
                            "addressPrefix": "10.0.0.0/8",
                            "nextHopType": "VirtualAppliance",
                            "nextHopIpAddress": "10.45.0.52"
                        }

                    },
                    {
                        "name": "pos-euw-udr-p-app-to-onpremise1",
                        "properties": {
                            "addressPrefix": "155.73.0.0/16",
                            "nextHopType": "VirtualAppliance",
                            "nextHopIpAddress": "10.45.0.52"
                        }


                    },
                    {
                        "name": "pos-euw-udr-p-app-to-brh-euw-snt-p-hub-img",
                        "properties": {
                            "addressPrefix": "10.45.4.0/28",
                            "nextHopType": "VirtualAppliance",
                            "nextHopIpAddress": "10.45.0.52"
                        }

                    },
                    {
                        "name": "pos-euw-udr-p-app-to-brh-euw-snt-p-hub-shir",
                        "properties": {
                            "addressPrefix": "10.45.5.0/27",
                            "nextHopType": "VirtualAppliance",
                            "nextHopIpAddress": "10.45.0.52"
                        }

                    }
                ]
            }
        },
        {
            "name": "[concat(variables('ProdvirtualNetworkName'),'/',variables('SubnetDbiaas'))]",
            "type": "Microsoft.Network/virtualNetworks/subnets",
            "apiVersion": "2018-10-01",
            "dependsOn": [
                "[resourceId('Microsoft.Network/virtualNetworks/subnets', variables('ProdvirtualNetworkName'), variables('SubnetApp'))]"
            ],
            "location": "West Europe",
            "properties": {
                "addressPrefix": "10.62.3.0/24",
                "routeTable": {
                    "id": "[resourceId('Microsoft.Network/routeTables',variables('Prodroutetable2'))]"
                },
                "networkSecurityGroup": {
                    "id": "[resourceId('Microsoft.Network/networkSecurityGroups',variables('nsgDbiaas'))]"
                },
                "serviceEndpoints": [

                ]
            }
        },
        {
            "name": "[variables('Prodroutetable2')]",
            "type": "Microsoft.Network/routeTables",
            "dependsOn": [
                "[resourceId('Microsoft.Network/routeTables', variables('Prodroutetable1'))]"
            ],

            "location": "West Europe",
            "apiVersion": "2019-11-01",
            "properties": {
                "disableBgpRoutePropagation": true,
                "routes": [
                    {
                        "name": "pos-euw-udr-p-dbiaas-to-brh-euw-snt-p-hub-infra",
                        "properties": {
                            "addressPrefix": "10.45.0.128/26",
                            "nextHopType": "VirtualAppliance",
                            "nextHopIpAddress": "10.45.0.52"
                        }
                    },
                    {
                        "name": "pos-euw-udr-p-dbiaas-to-brh-euw-snt-p-hub-mgmt",
                        "properties": {
                            "addressPrefix": "10.45.2.0/24",
                            "nextHopType": "VirtualAppliance",
                            "nextHopIpAddress": "10.45.0.52"
                        }
                    },
                    {
                        "name": "pos-euw-udr-p-dbiaas-to-pos-euw-vnt-d-01",
                        "properties": {
                            "addressPrefix": "10.65.0.0/16",
                            "nextHopType": "VirtualAppliance",
                            "nextHopIpAddress": "10.45.0.52"
                        }
                    },
                    {
                        "name": "pos-euw-udr-p-dbiaas-to-pos-euw-vnt-t-01",
                        "properties": {
                            "addressPrefix": "10.66.0.0/16",
                            "nextHopType": "VirtualAppliance",
                            "nextHopIpAddress": "10.45.0.52"
                        }
                    },
                    {
                        "name": "pos-euw-udr-p-dbiaas-to-pos-euw-vnt-u-01",
                        "properties": {
                            "addressPrefix": "10.68.0.0/16",
                            "nextHopType": "VirtualAppliance",
                            "nextHopIpAddress": "10.45.0.52"
                        }
                    },
                    {
                        "name": "pos-euw-udr-p-dbiaas-to-internet",
                        "properties": {
                            "addressPrefix": "0.0.0.0/0",
                            "nextHopType": "VirtualAppliance",
                            "nextHopIpAddress": "10.45.0.20"
                        }
                    },
                    {
                        "name": "pos-euw-udr-p-dbiaas-to-brh-euw-snt-p-hub-jp-mgmt",
                        "properties": {
                            "addressPrefix": "10.45.0.64/28",
                            "nextHopType": "None"
                        }
                    },
                    {
                        "name": "pos-euw-udr-p-dbiaas-to-brh-euw-snt-p-hub-cp-ext",
                        "properties": {
                            "addressPrefix": "10.45.0.0/28",
                            "nextHopType": "None"
                        }
                    },
                    {
                        "name": "pos-euw-udr-p-dbiaas-to-brh-euw-udr-p-hub-gw",
                        "properties": {
                            "addressPrefix": "10.45.0.96/27",
                            "nextHopType": "None"
                        }
                    },
                    {
                        "name": "pos-euw-udr-p-dbiaas-to-onpremise",
                        "properties": {
                            "addressPrefix": "10.0.0.0/8",
                            "nextHopType": "VirtualAppliance",
                            "nextHopIpAddress": "10.45.0.52"
                        }

                    },
                    {
                        "name": "pos-euw-udr-p-dbiaas-to-onpremise1",
                        "properties": {
                            "addressPrefix": "155.73.0.0/16",
                            "nextHopType": "VirtualAppliance",
                            "nextHopIpAddress": "10.45.0.52"
                        }


                    },
                    {
                        "name": "pos-euw-udr-p-dbiaas-to-brh-euw-snt-p-hub-img",
                        "properties": {
                            "addressPrefix": "10.45.4.0/28",
                            "nextHopType": "VirtualAppliance",
                            "nextHopIpAddress": "10.45.0.52"
                        }

                    },
                    {
                        "name": "pos-euw-udr-p-dbiaas-to-brh-euw-snt-p-hub-shir",
                        "properties": {
                            "addressPrefix": "10.45.5.0/27",
                            "nextHopType": "VirtualAppliance",
                            "nextHopIpAddress": "10.45.0.52"
                        }

                    }
                ]

            }
        },
        {
            "name": "[concat(variables('ProdvirtualNetworkName'),'/',variables('SubnetDbpaas'))]",
            "type": "Microsoft.Network/virtualNetworks/subnets",
            "apiVersion": "2018-10-01",
            "location": "West Europe",
            "dependsOn": [
                "[resourceId('Microsoft.Network/virtualNetworks/subnets', variables('ProdvirtualNetworkName'), variables('SubnetDbiaas'))]"
            ],
            "properties": {
                "addressPrefix": "10.62.4.0/24",
                "routeTable": {
                    "id": "[resourceId('Microsoft.Network/routeTables',variables('Prodroutetable3'))]"
                },
                "networkSecurityGroup": {
                    "id": "[resourceId('Microsoft.Network/networkSecurityGroups',variables('nsgDbpaas'))]"
                },
                "serviceEndpoints": [

                ]
            }
        },
        {
            "name": "[variables('Prodroutetable3')]",
            "type": "Microsoft.Network/routeTables",
            "dependsOn": [
                "[resourceId('Microsoft.Network/routeTables', variables('Prodroutetable2'))]"
            ],
            "location": "West Europe",
            "apiVersion": "2019-11-01",
            "properties": {
                "disableBgpRoutePropagation": true,
                "routes": [
                    {
                        "name": "pos-euw-udr-p-dbpaas-to-brh-euw-snt-p-hub-infra",
                        "properties": {
                            "addressPrefix": "10.45.0.128/26",
                            "nextHopType": "VirtualAppliance",
                            "nextHopIpAddress": "10.45.0.52"
                        }
                    },
                    {
                        "name": "pos-euw-udr-p-dbpaas-to-brh-euw-snt-p-hub-mgmt",
                        "properties": {
                            "addressPrefix": "10.45.2.0/24",
                            "nextHopType": "VirtualAppliance",
                            "nextHopIpAddress": "10.45.0.52"
                        }
                    },
                    {
                        "name": "pos-euw-udr-p-dbpaas-to-pos-euw-vnt-d-01",
                        "properties": {
                            "addressPrefix": "10.65.0.0/16",
                            "nextHopType": "VirtualAppliance",
                            "nextHopIpAddress": "10.45.0.52"
                        }
                    },
                    {
                        "name": "pos-euw-udr-p-dbpaas-to-pos-euw-vnt-t-01",
                        "properties": {
                            "addressPrefix": "10.66.0.0/16",
                            "nextHopType": "VirtualAppliance",
                            "nextHopIpAddress": "10.45.0.52"
                        }
                    },
                    {
                        "name": "pos-euw-udr-p-dbpaas-to-pos-euw-vnt-u-01",
                        "properties": {
                            "addressPrefix": "10.68.0.0/16",
                            "nextHopType": "VirtualAppliance",
                            "nextHopIpAddress": "10.45.0.52"
                        }
                    },
                    {
                        "name": "pos-euw-udr-p-dbpaas-to-internet",
                        "properties": {
                            "addressPrefix": "0.0.0.0/0",
                            "nextHopType": "VirtualAppliance",
                            "nextHopIpAddress": "10.45.0.20"
                        }
                    },
                    {
                        "name": "pos-euw-udr-p-dbpaas-to-brh-euw-snt-p-hub-jp-mgmt",
                        "properties": {
                            "addressPrefix": "10.45.0.64/28",
                            "nextHopType": "None"
                        }
                    },
                    {
                        "name": "pos-euw-udr-p-dbpaas-to-brh-euw-snt-p-hub-cp-ext",
                        "properties": {
                            "addressPrefix": "10.45.0.0/28",
                            "nextHopType": "None"
                        }
                    },
                    {
                        "name": "pos-euw-udr-p-dbpaas-to-brh-euw-udr-p-hub-gw",
                        "properties": {
                            "addressPrefix": "10.45.0.96/27",
                            "nextHopType": "None"
                        }
                    },
                    {
                        "name": "pos-euw-udr-p-dbpaas-to-onpremise",
                        "properties": {
                            "addressPrefix": "10.0.0.0/8",
                            "nextHopType": "VirtualAppliance",
                            "nextHopIpAddress": "10.45.0.52"
                        }

                    },
                    {
                        "name": "pos-euw-udr-p-dbpaas-to-onpremise1",
                        "properties": {
                            "addressPrefix": "155.73.0.0/16",
                            "nextHopType": "VirtualAppliance",
                            "nextHopIpAddress": "10.45.0.52"
                        }


                    },
                    {
                        "name": "pos-euw-udr-p-dbpaas-to-brh-euw-snt-p-hub-img",
                        "properties": {
                            "addressPrefix": "10.45.4.0/28",
                            "nextHopType": "VirtualAppliance",
                            "nextHopIpAddress": "10.45.0.52"
                        }

                    },
                    {
                        "name": "pos-euw-udr-p-dbpaas-to-brh-euw-snt-p-hub-shir",
                        "properties": {
                            "addressPrefix": "10.45.5.0/27",
                            "nextHopType": "VirtualAppliance",
                            "nextHopIpAddress": "10.45.0.52"
                        }

                    }
                ]

            }
        },
        {
            "name": "[concat(variables('ProdvirtualNetworkName'),'/',variables('SubnetFeiaas'))]",
            "type": "Microsoft.Network/virtualNetworks/subnets",
            "apiVersion": "2018-10-01",
            "location": "West Europe",
            "dependsOn": [
                "[resourceId('Microsoft.Network/virtualNetworks/subnets', variables('ProdvirtualNetworkName'), variables('SubnetDbpaas'))]"
            ],
            "properties": {
                "addressPrefix": "10.62.0.0/24",
                "routeTable": {
                    "id": "[resourceId('Microsoft.Network/routeTables',variables('Prodroutetable4'))]"
                },
                "networkSecurityGroup": {
                    "id": "[resourceId('Microsoft.Network/networkSecurityGroups',variables('nsgFeiaas'))]"
                },
                "serviceEndpoints": [

                ]
            }
        },
        {
            "name": "[variables('Prodroutetable4')]",
            "type": "Microsoft.Network/routeTables",
            "location": "West Europe",
            "dependsOn": [
                "[resourceId('Microsoft.Network/routeTables', variables('Prodroutetable3'))]"
            ],
            "apiVersion": "2019-11-01",
            "properties": {
                "disableBgpRoutePropagation": true,
                "routes": [
                    {
                        "name": "pos-euw-udr-p-feiaas-to-brh-euw-snt-p-hub-infra",
                        "properties": {
                            "addressPrefix": "10.45.0.128/26",
                            "nextHopType": "VirtualAppliance",
                            "nextHopIpAddress": "10.45.0.52"
                        }
                    },
                    {
                        "name": "pos-euw-udr-p-feiaas-to-brh-euw-snt-p-hub-mgmt",
                        "properties": {
                            "addressPrefix": "10.45.2.0/24",
                            "nextHopType": "VirtualAppliance",
                            "nextHopIpAddress": "10.45.0.52"
                        }
                    },
                    {
                        "name": "pos-euw-udr-p-feiaas-to-pos-euw-vnt-d-01",
                        "properties": {
                            "addressPrefix": "10.65.0.0/16",
                            "nextHopType": "VirtualAppliance",
                            "nextHopIpAddress": "10.45.0.52"
                        }
                    },
                    {
                        "name": "pos-euw-udr-p-feiaas-to-pos-euw-vnt-t-01",
                        "properties": {
                            "addressPrefix": "10.66.0.0/16",
                            "nextHopType": "VirtualAppliance",
                            "nextHopIpAddress": "10.45.0.52"
                        }
                    },
                    {
                        "name": "pos-euw-udr-p-feiaas-to-pos-euw-vnt-u-01",
                        "properties": {
                            "addressPrefix": "10.68.0.0/16",
                            "nextHopType": "VirtualAppliance",
                            "nextHopIpAddress": "10.45.0.52"
                        }
                    },
                    {
                        "name": "pos-euw-udr-p-feiaas-to-internet",
                        "properties": {
                            "addressPrefix": "0.0.0.0/0",
                            "nextHopType": "VirtualAppliance",
                            "nextHopIpAddress": "10.45.0.20"
                        }
                    },
                    {
                        "name": "pos-euw-udr-p-feiaas-to-brh-euw-snt-p-hub-jp-mgmt",
                        "properties": {
                            "addressPrefix": "10.45.0.64/28",
                            "nextHopType": "None"
                        }
                    },
                    {
                        "name": "pos-euw-udr-p-feiaas-to-brh-euw-snt-p-hub-cp-ext",
                        "properties": {
                            "addressPrefix": "10.45.0.0/28",
                            "nextHopType": "None"
                        }
                    },
                    {
                        "name": "pos-euw-udr-p-feiaas-to-brh-euw-udr-p-hub-gw",
                        "properties": {
                            "addressPrefix": "10.45.0.96/27",
                            "nextHopType": "None"
                        }
                    },
                    {
                        "name": "pos-euw-udr-p-feiaas-to-onpremise",
                        "properties": {
                            "addressPrefix": "10.0.0.0/8",
                            "nextHopType": "VirtualAppliance",
                            "nextHopIpAddress": "10.45.0.52"
                        }
                    },
                    {
                        "name": "pos-euw-udr-p-feiaas-to-onpremise1",
                        "properties": {
                            "addressPrefix": "155.73.0.0/16",
                            "nextHopType": "VirtualAppliance",
                            "nextHopIpAddress": "10.45.0.52"
                        }


                    },
                    {
                        "name": "pos-euw-udr-p-feiaas-to-brh-euw-snt-p-hub-img",
                        "properties": {
                            "addressPrefix": "10.45.4.0/28",
                            "nextHopType": "VirtualAppliance",
                            "nextHopIpAddress": "10.45.0.52"
                        }
                    },
                    {
                        "name": "pos-euw-udr-p-feiaas-to-brh-euw-snt-p-hub-shir",
                        "properties": {
                            "addressPrefix": "10.45.5.0/27",
                            "nextHopType": "VirtualAppliance",
                            "nextHopIpAddress": "10.45.0.52"
                        }

                    }
                ]

            }
        },
        {
            "name": "[concat(variables('ProdvirtualNetworkName'),'/',variables('SubnetFepass'))]",
            "type": "Microsoft.Network/virtualNetworks/subnets",
            "apiVersion": "2018-10-01",
            "dependsOn": [
                "[resourceId('Microsoft.Network/virtualNetworks/subnets', variables('ProdvirtualNetworkName'), variables('SubnetFeiaas'))]"
            ],
            "location": "West Europe",
            "properties": {
                "addressPrefix": "10.62.2.0/24",
                "routeTable": {
                    "id": "[resourceId('Microsoft.Network/routeTables',variables('Prodroutetable5'))]"
                },
                "networkSecurityGroup": {
                    "id": "[resourceId('Microsoft.Network/networkSecurityGroups',variables('nsgFepass'))]"
                },
                "serviceEndpoints": [

                ]
            }
        },
        {
            "name": "[variables('Prodroutetable5')]",
            "type": "Microsoft.Network/routeTables",
            "dependsOn": [
                "[resourceId('Microsoft.Network/routeTables', variables('Prodroutetable4'))]"
            ],
            "location": "West Europe",
            "apiVersion": "2019-11-01",
            "properties": {
                "disableBgpRoutePropagation": true,
                "routes": [
                    {
                        "name": "pos-euw-udr-p-fepaas-to-brh-euw-snt-p-hub-infra",
                        "properties": {
                            "addressPrefix": "10.45.0.128/26",
                            "nextHopType": "VirtualAppliance",
                            "nextHopIpAddress": "10.45.0.52"
                        }
                    },
                    {
                        "name": "pos-euw-udr-p-fepaas-to-brh-euw-snt-p-hub-mgmt",
                        "properties": {
                            "addressPrefix": "10.45.2.0/24",
                            "nextHopType": "VirtualAppliance",
                            "nextHopIpAddress": "10.45.0.52"
                        }
                    },
                    {
                        "name": "pos-euw-udr-p-fepaas-to-pos-euw-vnt-d-01",
                        "properties": {
                            "addressPrefix": "10.65.0.0/16",
                            "nextHopType": "VirtualAppliance",
                            "nextHopIpAddress": "10.45.0.52"
                        }
                    },
                    {
                        "name": "pos-euw-udr-p-fepaas-to-pos-euw-vnt-t-01",
                        "properties": {
                            "addressPrefix": "10.66.0.0/16",
                            "nextHopType": "VirtualAppliance",
                            "nextHopIpAddress": "10.45.0.52"
                        }
                    },
                    {
                        "name": "pos-euw-udr-p-fepaas-to-pos-euw-vnt-u-01",
                        "properties": {
                            "addressPrefix": "10.68.0.0/16",
                            "nextHopType": "VirtualAppliance",
                            "nextHopIpAddress": "10.45.0.52"
                        }
                    },
                    {
                        "name": "pos-euw-udr-p-fepaas-to-internet",
                        "properties": {
                            "addressPrefix": "0.0.0.0/0",
                            "nextHopType": "VirtualAppliance",
                            "nextHopIpAddress": "10.45.0.20"
                        }
                    },
                    {
                        "name": "pos-euw-udr-p-fepaas-to-brh-euw-snt-p-hub-jp-mgmt",
                        "properties": {
                            "addressPrefix": "10.45.0.64/28",
                            "nextHopType": "None"
                        }
                    },
                    {
                        "name": "pos-euw-udr-p-fepaas-to-brh-euw-snt-p-hub-cp-ext",
                        "properties": {
                            "addressPrefix": "10.45.0.0/28",
                            "nextHopType": "None"
                        }
                    },
                    {
                        "name": "pos-euw-udr-p-fepaas-to-brh-euw-udr-p-hub-gw",
                        "properties": {
                            "addressPrefix": "10.45.0.96/27",
                            "nextHopType": "None"
                        }
                    },
                    {
                        "name": "pos-euw-udr-p-fepaas-to-onpremise",
                        "properties": {
                            "addressPrefix": "10.0.0.0/8",
                            "nextHopType": "VirtualAppliance",
                            "nextHopIpAddress": "10.45.0.52"
                        }

                    },
                    {
                        "name": "pos-euw-udr-p-fepaas-to-onpremise1",
                        "properties": {
                            "addressPrefix": "155.73.0.0/16",
                            "nextHopType": "VirtualAppliance",
                            "nextHopIpAddress": "10.45.0.52"
                        }


                    },
                    {
                        "name": "pos-euw-udr-p-fepaas-to-brh-euw-snt-p-hub-img",
                        "properties": {
                            "addressPrefix": "10.45.4.0/28",
                            "nextHopType": "VirtualAppliance",
                            "nextHopIpAddress": "10.45.0.52"
                        }

                    },
                    {
                        "name": "pos-euw-udr-p-fepaas-to-brh-euw-snt-p-hub-shir",
                        "properties": {
                            "addressPrefix": "10.45.5.0/27",
                            "nextHopType": "VirtualAppliance",
                            "nextHopIpAddress": "10.45.0.52"
                        }

                    }
                ]

            }
        },
        {
            "name": "[concat(variables('ProdvirtualNetworkName'),'/',variables('Subnetavddym'))]",
            "type": "Microsoft.Network/virtualNetworks/subnets",
            "apiVersion": "2018-10-01",
            "location": "West Europe",
            "properties": {
                "addressPrefix": "10.62.5.0/24",
                "routeTable": {
                    "id": "[resourceId('Microsoft.Network/routeTables',variables('Prodroutetable6'))]"
                },
                "networkSecurityGroup": {
                    "id": "[resourceId('Microsoft.Network/networkSecurityGroups',variables('nsgavddym'))]"
                },
                "serviceEndpoints": [

                ]
            }
        },
        {
            "name": "[variables('Prodroutetable6')]",
            "type": "Microsoft.Network/routeTables",
            "dependsOn": [
                "[resourceId('Microsoft.Network/routeTables', variables('Prodroutetable5'))]"
            ],
            "location": "West Europe",
            "apiVersion": "2019-11-01",
            "properties": {
                "disableBgpRoutePropagation": true,
                "routes": [
                    {
                        "name": "pos-euw-udr-p-avd-dym-to-brh-euw-snt-p-hub-infra",
                        "properties": {
                            "addressPrefix": "10.45.0.128/26",
                            "nextHopType": "VirtualAppliance",
                            "nextHopIpAddress": "10.45.0.52"
                        }
                    },
                    {
                        "name": "pos-euw-udr-p-avd-dym-to-brh-euw-snt-p-hub-mgmt",
                        "properties": {
                            "addressPrefix": "10.45.2.0/24",
                            "nextHopType": "VirtualAppliance",
                            "nextHopIpAddress": "10.45.0.52"
                        }
                    },
                    {
                        "name": "pos-euw-udr-p-avd-dym-to-pos-euw-vnt-d-01",
                        "properties": {
                            "addressPrefix": "10.65.0.0/16",
                            "nextHopType": "VirtualAppliance",
                            "nextHopIpAddress": "10.45.0.52"
                        }
                    },
                    {
                        "name": "pos-euw-udr-p-avd-dym-to-pos-euw-vnt-t-01",
                        "properties": {
                            "addressPrefix": "10.66.0.0/16",
                            "nextHopType": "VirtualAppliance",
                            "nextHopIpAddress": "10.45.0.52"
                        }
                    },
                    {
                        "name": "pos-euw-udr-p-avd-dym-to-pos-euw-vnt-u-01",
                        "properties": {
                            "addressPrefix": "10.68.0.0/16",
                            "nextHopType": "VirtualAppliance",
                            "nextHopIpAddress": "10.45.0.52"
                        }
                    },
                    {
                        "name": "pos-euw-udr-p-avd-dym-to-internet",
                        "properties": {
                            "addressPrefix": "0.0.0.0/0",
                            "nextHopType": "VirtualAppliance",
                            "nextHopIpAddress": "10.45.0.20"
                        }
                    },
                    {
                        "name": "pos-euw-udr-p-avd-dym-to-brh-euw-snt-p-hub-jp-mgmt",
                        "properties": {
                            "addressPrefix": "10.45.0.64/28",
                            "nextHopType": "None"
                        }
                    },
                    {
                        "name": "pos-euw-udr-p-avd-dym-to-brh-euw-snt-p-hub-cp-ext",
                        "properties": {
                            "addressPrefix": "10.45.0.0/28",
                            "nextHopType": "None"
                        }
                    },
                    {
                        "name": "pos-euw-udr-p-avd-dym-to-brh-euw-udr-p-hub-gw",
                        "properties": {
                            "addressPrefix": "10.45.0.96/27",
                            "nextHopType": "None"
                        }
                    },
                    {
                        "name": "pos-euw-udr-p-avd-dym-to-onpremise",
                        "properties": {
                            "addressPrefix": "10.0.0.0/8",
                            "nextHopType": "VirtualAppliance",
                            "nextHopIpAddress": "10.45.0.52"
                        }

                    },
                    {
                        "name": "pos-euw-udr-p-avd-dym-to-onpremise1",
                        "properties": {
                            "addressPrefix": "155.73.0.0/16",
                            "nextHopType": "VirtualAppliance",
                            "nextHopIpAddress": "10.45.0.52"
                        }


                    },
                    {
                        "name": "pos-euw-udr-p-avd-dym-to-brh-euw-snt-p-hub-img",
                        "properties": {
                            "addressPrefix": "10.45.4.0/28",
                            "nextHopType": "VirtualAppliance",
                            "nextHopIpAddress": "10.45.0.52"
                        }

                    },
                    {
                        "name": "pos-euw-udr-p-avd-dym-to-brh-euw-snt-p-hub-shir",
                        "properties": {
                            "addressPrefix": "10.45.5.0/27",
                            "nextHopType": "VirtualAppliance",
                            "nextHopIpAddress": "10.45.0.52"
                        }

                    }
                ]

            }
        }
    ],
    "outputs": {}
}