{
    "$schema": "https://schema.management.azure.com/schemas/2019-04-01/deploymentTemplate.json#",
    "contentVersion": "1.0.0.0",
    "parameters": {},
    "functions": [],
    "variables": {
        "Prodmtmroutetable": "pos-euw-udr-p-avd-dym"
    },
    "resources": [
        {
            "name": "[variables('Prodmtmroutetable')]",
            "type": "Microsoft.Network/routeTables",
            "location": "West Europe",
            "apiVersion": "2019-11-01",
            "properties": {
                "routes": [
                    {
                        "name": "pos-euw-udr-p-avd-dym-to-brh-euw-snt-p-hub-infra",
                        "properties": {
                            "addressPrefix": "10.45.0.128/26",
                            "nextHopType": "VirtualAppliance",
                            "nextHopIpAddress": "10.45.0.52"
                        }
                    },
                    {
                        "name": "pos-euw-udr-p-avd-dym-to-brh-euw-snt-p-hub-mgmt",
                        "properties": {
                            "addressPrefix": "10.45.2.0/24",
                            "nextHopType": "VirtualAppliance",
                            "nextHopIpAddress": "10.45.0.52"
                        }
                    },
                    {
                        "name": "pos-euw-udr-p-avd-dym-to-brh-euw-snt-p-hub-jp-mgmt",
                        "properties": {
                            "addressPrefix": "10.45.0.64/28",
                            "nextHopType": "None"
                        }
                    },
                    {
                        "name": "pos-euw-udr-p-avd-dym-to-brh-euw-snt-p-hub-cp-ext",
                        "properties": {
                            "addressPrefix": "10.45.0.0/28",
                            "nextHopType": "None"
                        }
                    },
                    {
                        "name": "pos-euw-udr-p-avd-dym-to-brh-euw-udr-p-hub-gw",
                        "properties": {
                            "addressPrefix": "10.45.0.96/27",
                            "nextHopType": "None"
                        }
                    },
                    {
                        "name": "pos-euw-udr-p-avd-dym-to-brh-euw-snt-p-hub-img",
                        "properties": {
                            "addressPrefix": "10.45.4.0/28",
                            "nextHopType": "VirtualAppliance",
                            "nextHopIpAddress": "10.45.0.52"
                        }
                    },
                    {
                        "name": "pos-euw-udr-p-avd-dym-to-brh-euw-snt-p-hub-shir",
                        "properties": {
                            "addressPrefix": "10.45.5.0/27",
                            "nextHopType": "VirtualAppliance",
                            "nextHopIpAddress": "10.45.0.52"
                        }
                    },
                    {
                        "name": "pos-euw-udr-p-avd-dym-to-pos-euw-vnt-t-01",
                        "properties": {
                            "addressPrefix": "10.66.0.0/16",
                            "nextHopType": "VirtualAppliance",
                            "nextHopIpAddress": "10.45.0.52"
                        }
                    },
                    {
                        "name": "pos-euw-udr-p-avd-dym-to-pos-euw-vnt-d-01",
                        "properties": {
                            "addressPrefix": "10.65.0.0/16",
                            "nextHopType": "VirtualAppliance",
                            "nextHopIpAddress": "10.45.0.52"
                        }
                    },
                    {
                        "name": "pos-euw-udr-p-avd-dym-to-pos-euw-vnt-u-01",
                        "properties": {
                            "addressPrefix": "10.68.0.0/16",
                            "nextHopType": "VirtualAppliance",
                            "nextHopIpAddress": "10.45.0.52"
                        }
                    },
                    {
                        "name": "pos-euw-udr-p-avd-dym-to-onpremise",
                        "properties": {
                            "addressPrefix": "10.0.0.0/8",
                            "nextHopType": "VirtualAppliance",
                            "nextHopIpAddress": "10.45.0.52"
                        }
                    },
                    {
                        "name": "pos-euw-udr-p-avd-dym-to-internet",
                        "properties": {
                            "addressPrefix": "0.0.0.0/0",
                            "nextHopType": "VirtualAppliance",
                            "nextHopIpAddress": "10.45.0.20"
                        }
                    }
                ]
            }
        }
    ],
    "outputs": {}
}