{
    "$schema": "https://schema.management.azure.com/schemas/2015-01-01/deploymentParameters.json#",
    "contentVersion": "1.0.0.0",
    "parameters": {
        "alertname": {
            "value": "Alert - Hearbeat for Virtual Machine"
        },
        "loganalyticsworkspaceresourceid": {
            "value": "/subscriptions/2c9eacc5-e79a-4b5d-93fa-2565e94b9d0d/resourceGroups/brs-euw-rsg-p-monitor/providers/Microsoft.OperationalInsights/workspaces/brs-euw-la-p-spoke-01"
        },
        "actionGroup": {
            "value": "/subscriptions/2c9eacc5-e79a-4b5d-93fa-2565e94b9d0d/resourceGroups/brs-euw-rsg-p-monitor/providers/Microsoft.Insights/actiongroups/brs-euw-ag-p-amon-01"
        },
        "heartbeatthreshold": {
            "value": "0" 
        }
    }
}