{
    "$schema": "https://schema.management.azure.com/schemas/2019-04-01/deploymentTemplate.json#",
    "contentVersion": "1.0.0.0",
    "parameters": {
        "virtualMachineAdminUserName": {
            "defaultValue": "brhvmadmin",
            "type": "string",
            "metadata": {
                "description": "Administrator Username for the local admin account"
            }
        },
        "virtualMachineAdminPassword": {
            "type": "securestring",
            "metadata": {
                "description": "Administrator password for the local admin account"
            }
        },
        "VirtualMachineName": {
            "type": "array",
            "metadata": {
                "description": "Name of the virtual machine to be created"
            }
        },
        "virtualMachineSize": {
            "type": "string",
            "metadata": {
                "description": "Virtual Machine Size"
            }
        },
        "EnableAcceleratedNetworking": {
            "type": "bool"
        },
        "noOfDataDisk": {
            "type": "int"
        },
        "dataDiskSize": {
            "type": "int"
        },
        "storageAccountName": {
            "type": "string",
            "metadata": {
                "description": "Name of the storage account"
            }
        },
        "storageAccountResourceGroupName": {
            "type": "string",
            "metadata": {
                "description": "Name of the resource group for the existing storage account"
            }
        },
        "existingVirtualNetworkName": {
            "type": "string",
            "metadata": {
                "description": "Name of the existing VNET"
            }
        },
        "existingVirtualNetworkResourceGroup": {
            "type": "string",
            "metadata": {
                "description": "Name of the existing VNET resource group"
            }
        },
        "Infra-SubnetName": {
            "type": "string",
            "metadata": {
                "description": "Name of the subnet in the virtual network you want to use"
            }
        },
        "location": {
            "type": "string",
            "metadata": {
                "description": "Location for all resources."
            }
        },
        "domainJoinUserName": {
            "type": "string",
            "metadata": {
                "description": "Domain NetBiosName plus User name of a domain user with sufficient rights to perfom domain join operation. E.g. domain\\username"
            }
        },
        "domainJoinUserPassword": {
            "type": "securestring",
            "metadata": {
                "description": "Domain user password"
            }
        },
        "Availabilityzone": {
            "type": "array",
            "metadata": {
                "description": "description"
            },
            "allowedValues": [
                "1",
                "2",
                "3"
            ]
        },
        "Ostype": {
            "type": "string",
            "metadata": {
                "description": "description"
            }
        },
        "operatingSystem": {
            "type": "string",
            "defaultValue": "Windows2019",
            "metadata": {
                "description": "Operating System of the Server"
            },
            "allowedValues": [
                "Windows2012R2",
                "Windows2016",
                "Windows2019"
            ]
        }      
    },
    "variables": {
        "InfraSubnetRef": "[resourceId(parameters('existingVirtualNetworkResourceGroup'), 'Microsoft.Network/virtualNetworks/subnets', parameters('existingVirtualNetworkName'),  parameters('Infra-SubnetName'))]",
        "operatingSystemValues": {
                          "Windows2012R2": {
                            "PublisherValue": "MicrosoftWindowsServer",
                            "OfferValue": "WindowsServer",
                            "SkuValue": "2012-R2-Datacenter"
                          },
                          "Windows2016": {
                            "PublisherValue": "MicrosoftWindowsServer",
                            "OfferValue": "WindowsServer",
                            "SkuValue": "2016-Datacenter"
                          },
                          "Windows2019": {
                            "PublisherValue": "MicrosoftWindowsServer",
                            "OfferValue": "WindowsServer",
                            "SkuValue": "2019-Datacenter"
                          } 
                    }
    },
    "resources": [
        {
            "type": "Microsoft.Network/networkInterfaces",
            "name": "[concat(parameters('VirtualMachineName')[copyIndex()],'-NIC')]",
            "apiVersion": "2018-11-01",
            "location": "[parameters('location')]",
            "copy": {
                "name": "NICCopy",
                "count": "[length(parameters('VirtualMachineName'))]",
                "mode": "Serial"
            },
            "properties": {
                "ipConfigurations": [
                    {
                        "name": "ipconfig1",
                        "properties": {
                            "privateIPAllocationMethod": "Dynamic",
                            "subnet": {
                                "id": "[variables('InfraSubnetRef')]"
                            }
                        }
                    }
                ],
                "dnsSettings": {
                    "dnsServers": [
                        "10.45.0.132",
                        "10.45.0.133"
                    ]
                },
                "enableIPForwarding": false,
                "enableAcceleratedNetworking": "[parameters('EnableAcceleratedNetworking')]"
            }
        },
        {
            "type": "Microsoft.Compute/virtualMachines",
            "name": "[parameters('VirtualMachineName')[copyIndex()]]",
            "apiVersion": "2019-07-01",
            "location": "[parameters('location')]",
            "zones": [
                "[parameters('Availabilityzone')[copyIndex()]]"
            ],
            "copy": {
                "name": "VMCopy",
                "count": "[length(parameters('VirtualMachineName'))]",
                "mode": "Serial"
            },
            "properties": {
                "licenseType": "Windows_Server",
                "hardwareProfile": {
                    "vmSize": "[parameters('virtualMachineSize')]"
                },
                "storageProfile": {
                    "imageReference": {
                        "publisher": "[variables('operatingSystemValues')[parameters('operatingSystem')].PublisherValue]",
                        "offer": "[variables('operatingSystemValues')[parameters('operatingSystem')].OfferValue]",
                        "sku": "[variables('operatingSystemValues')[parameters('operatingSystem')].SkuValue]",
                        "version": "latest"
                    },
                "osDisk": {
                        "name": "[concat(parameters('VirtualMachineName')[copyIndex()],'-OSDisk')]",
                        "createOption": "FromImage",
                        "osType": "[parameters('Ostype')]",
                        "managedDisk": {
                            "storageAccountType": "Premium_LRS" 
                        }
                    },
                    "copy": [
                        {
                            "name": "dataDisks",
                            "count": "[parameters('noOfDataDisk')]",
                            "input": {
                                "diskSizeGB": "[parameters('dataDiskSize')]",
                                "lun": "[copyIndex('dataDisks')]",
                                "createOption": "Empty",
                                "managedDisk": {
                                    "storageAccountType": "Premium_LRS"
                                },
                                "name": "[concat(parameters('VirtualMachineName')[copyIndex()],'-Data-Disk')]"
                            }
                        }
                    ]
                },
                "osProfile": {
                    "computerName": "[parameters('VirtualMachineName')[copyIndex()]]",
                    "adminUsername": "[parameters('virtualMachineAdminUserName')]",
                    "windowsConfiguration": {
                        "provisionVMAgent": true
                    },
                    "secrets": [
                    ],
                    "adminPassword": "[parameters('virtualMachineAdminPassword')]"
                },
                "networkProfile": {
                    "networkInterfaces": [
                        {
                            "id": "[resourceId('Microsoft.Network/networkInterfaces',concat(parameters('VirtualMachineName')[copyIndex()],'-NIC'))]"
                        }
                    ]
                },
                "diagnosticsProfile": {
                    "bootDiagnostics": {
                        "enabled": true,
                        "storageUri": "[reference(resourceId(parameters('storageAccountResourceGroupName'), 'Microsoft.Storage/storageAccounts/', parameters('storageAccountName')), '2017-06-01').primaryEndpoints.blob]"
                    }
                }
            },
            "dependsOn": [
                "[resourceId('Microsoft.Network/networkInterfaces',concat(parameters('VirtualMachineName')[copyIndex()],'-NIC'))]"
            ]
        },
        {
            "type": "Microsoft.Compute/virtualMachines/extensions",
            "location": "[parameters('location')]",
            "apiVersion": "2018-10-01",
            "name": "[concat(parameters('VirtualMachineName')[copyIndex()],'/AzureBaseSOE')]",
            "copy": {
                "name": "Extensioncopy",
                "count": "[length(parameters('VirtualMachineName'))]"
                },
            "dependsOn": [ "[resourceId('Microsoft.Compute/virtualMachines',concat(parameters('VirtualMachineName')[copyIndex()]))]"],
            "properties": {
                    "publisher": "Microsoft.Powershell",
                    "type": "DSC",
                    "typeHandlerVersion": "2.9",
                    "autoUpgradeMinorVersion": true,                 
                    "protectedSettings": {
                        "configurationUrlSasToken": "?sv=2020-08-04&ss=bfqt&srt=sco&sp=rwdlacuptfx&se=2023-08-28T02:51:31Z&st=2021-08-27T18:51:31Z&spr=https&sig=59cpObIPi0XdmlT6t0C2ZXM7lfDjyX5aNcZAqNWJP0I%3D",
                        "configurationDataUrlSasToken": "?sv=2020-08-04&ss=bfqt&srt=sco&sp=rwdlacuptfx&se=2023-08-28T02:51:31Z&st=2021-08-27T18:51:31Z&spr=https&sig=59cpObIPi0XdmlT6t0C2ZXM7lfDjyX5aNcZAqNWJP0I%3D",
                        "configurationArguments": {
                            "FileShareCredential": {
                                "password": "[parameters('domainJoinUserPassword')]",
                                "userName": "[parameters('domainJoinUserName')]"
                                },
                            "DomainJoinCredential": {
                                "password": "[parameters('domainJoinUserPassword')]",
                                "userName": "[parameters('domainJoinUserName')]"
                                }
                            }
                        },             
                        "settings": {
                            "wmfVersion": "latest",
                            "configuration": {
                                "Url": "https://brheuwstopvmcse002.blob.core.windows.net/configuration/AzureBaseSOE.zip",
                                "script": "AzureBaseSOE.ps1",
                                "Function": "AzureBaseSOE"
                                },
                            "privacy": { "dataCollection": "enable" },
                            "configurationArguments": null,
                            "configurationData": { 
                                "url": "https://brheuwstopvmcse002.blob.core.windows.net/configuration/ConfigurationData.psd1"
                                     }
                            }
            }    
        }   
    ]
}