{
    "$schema": "https://schema.management.azure.com/schemas/2015-01-01/deploymentParameters.json#",
    "contentVersion": "1.0.0.0",
    "parameters": {
        "name": {
            "value": ["privatelink.database.windows.net",
                "privatelink.azurecr.io",
                "privatelink.azure-devices.net",
                "privatelink.servicebus.windows.net",
                "privatelink.file.core.windows.net",
                "privatelink.blob.core.windows.net",
                "privatelink.dfs.core.windows.net",
                "privatelink.datafactory.azure.net",
                "privatelink.notebooks.azure.net",
                "privatelink.cert.api.azureml.ms",
                "privatelink.api.azureml.ms"]
        }
    }
}