{
    "$schema": "http://schema.management.azure.com/schemas/2015-01-01/deploymentTemplate.json#",
    "contentVersion": "1.0.0.0",
    "parameters": {
        "name": {
            "type": "array"
        }
    },
    "resources": [
        {
            "apiVersion": "2018-09-01",
            "type": "Microsoft.Network/privateDnsZones",
            "name": "[parameters('name')[copyIndex()]]",
            "location": "global",
            "dependsOn": [],
            "tags": {},
            "properties": {},
            "copy": {
                "name": "privatezones",
                "count": 10
                }
        }
    ]
}