{
    "$schema": "https://schema.management.azure.com/schemas/2019-04-01/deploymentParameters.json#",
    "contentVersion": "1.0.0.0",
    "parameters": {
        "sourceId": {
            "value": "/subscriptions/06fb523b-4dcd-462a-8193-8065c84d0018/resourcegroups/exs-euw-rsg-d-monitor/providers/microsoft.operationalinsights/workspaces/exs-euw-la-d-spoke-01"
        },
        "location": {
            "value": "West Europe" 
        },
        "actionGroupId": {
            "value": "/subscriptions/06fb523b-4dcd-462a-8193-8065c84d0018/resourceGroups/exs-euw-rsg-d-monitor/providers/Microsoft.Insights/actiongroups/exs-euw-ag-d-amon-01"
        },
        "alertname": {
            "value": "CPU Usgae is High - Warning Alert" 
        },
        "isEnabled": {
            "value": true
        },
        "windowSizeinminutes": {
            "value": "15"
        },
        "evaluationFrequencyinminutes": {
            "value": "5"
        },
        "alertSeverity": {
            "value": 3
        },
        "triggeroperator": {
            "value": "GreaterThan" 
        },
        "metrictriggeroperator": {
            "value": "GreaterThan" 
        },
        "thresholdvalue": {
            "value": "85" 
        },
        "metrictriggertype": {
            "value": "Consecutive" 
        }
    }
}