{
    "$schema": "https://schema.management.azure.com/schemas/2019-04-01/deploymentParameters.json#",
    "contentVersion": "1.0.0.0",
    "parameters": {
        "sourceId": {
            "value": "/subscriptions/d6604436-1b4d-485c-b073-f3a9e818e745/resourcegroups/exs-euw-rsg-u-monitor/providers/microsoft.operationalinsights/workspaces/exs-euw-la-u-spoke-01"
        },
        "location": {
            "value": "West Europe" 
        },
        "actionGroupId": {
            "value": "/subscriptions/d6604436-1b4d-485c-b073-f3a9e818e745/resourceGroups/exs-euw-rsg-u-monitor/providers/Microsoft.Insights/actiongroups/exs-euw-ag-u-amon-01"
        },
        "alertname": {
            "value": "CPU Usgae is High - Critical Alert" 
        },
        "isEnabled": {
            "value": true
        },
        "windowSizeinminutes": {
            "value": "15"
        },
        "evaluationFrequencyinminutes": {
            "value": "5"
        },
        "alertSeverity": {
            "value": 2
        },
        "triggeroperator": {
            "value": "GreaterThan" 
        },
        "metrictriggeroperator": {
            "value": "GreaterThan" 
        },
        "thresholdvalue": {
            "value": "95" 
        },
        "metrictriggertype": {
            "value": "Consecutive" 
        }
    }
}