{
    "$schema": "https://schema.management.azure.com/schemas/2019-04-01/deploymentParameters.json#",
    "contentVersion": "1.0.0.0",
    "parameters": {
        "sourceId": {
            "value": "/subscriptions/20e5b9e1-dd74-4034-bc0b-4715f62f4991/resourceGroups/ces-euw-rsg-p-monitor/providers/Microsoft.OperationalInsights/workspaces/ces-euw-la-p-spoke-01"
        },
        "location": {
            "value": "West Europe" 
        },
        "actionGroupId": {
            "value": "/subscriptions/20e5b9e1-dd74-4034-bc0b-4715f62f4991/resourceGroups/ces-euw-rsg-p-monitor/providers/microsoft.insights/actionGroups/ces-euw-ag-p-amon-01"
        },
        "alertname": {
            "value": "CPU Usgae is High - Critical Alert" 
        },
        "isEnabled": {
            "value": true
        },
        "windowSizeinminutes": {
            "value": "15"
        },
        "evaluationFrequencyinminutes": {
            "value": "5"
        },
        "alertSeverity": {
            "value": 2
        },
        "triggeroperator": {
            "value": "GreaterThan" 
        },
        "metrictriggeroperator": {
            "value": "GreaterThan" 
        },
        "thresholdvalue": {
            "value": "95" 
        },
        "metrictriggertype": {
            "value": "Consecutive" 
        }
    }
}