{
  "$schema": "https://schema.management.azure.com/schemas/2019-04-01/deploymentTemplate.json#",
  "contentVersion": "1.0.0.0",
  "parameters": {
    "storageAccountType": {
      "type": "string",
      "defaultValue": "Standard_LRS",
      "allowedValues": [
        "Standard_LRS",
        "Standard_GRS",
        "Standard_ZRS",
        "Premium_LRS"
      ],
      "metadata": {
        "description": "Storage Account type"
      }
    },
    "location": {
      "type": "string",
      "defaultValue": "[resourceGroup().location]",
      "metadata": {
        "description": "Location for all resources."
      }
    },
    "storageaccountname": {
        "type": "string"
    }
  },
  "variables": {
    
  },
  "resources": [
    {
      "type": "Microsoft.Storage/storageAccounts",
      "apiVersion": "2019-06-01",
      "name": "[parameters('storageaccountname')]",
      "location": "[parameters('location')]",
      "sku": {
        "name": "[parameters('storageAccountType')]",
        "tier": "Standard"
      },
      "kind": "Storage"
      
      

    }
  ],
  "outputs": {
    "storageAccountName": {
      "type": "string",
      "value": "[parameters('storageaccountname')]"
    }
  }
}