{
    "$schema": "https://schema.management.azure.com/schemas/2015-01-01/deploymentParameters.json#",
    "contentVersion": "1.0.0.0",
    "parameters": {
        "vnetName": {
            "value": "brs-euw-vnt-u-01"
        },
        "subnetPrefix": {
            "value": ["10.52.8.0/22"]
        },
        "subnetName": {
            "value": ["brs-euw-snt-u-aks"]
        },
        "nsgName": {
            "value": ["brs-euw-nsg-u-aks"]
        },
        "udrName": {
            "value": ["brs-euw-udr-u-aks"]
            
        },
        "location": {
            "value": "west europe"
        }
    }
}