{
    "$schema": "https://schema.management.azure.com/schemas/2015-01-01/deploymentParameters.json#",
    "contentVersion": "1.0.0.0",
    "parameters": {
      "virtualMachineAdminUserName": {
        "reference": {
    "keyVault": {
      "id": "/subscriptions/c2242621-293d-4604-918a-42718bca43b8/resourceGroups/brh-euw-rsg-p-hub-keyv/providers/Microsoft.KeyVault/vaults/brh-euw-kv-p-hub-mgmt-01"
    },
    "secretName": "vmadminusername"
  }
      },
      "virtualMachineAdminPassword": {
       "reference": {
    "keyVault": {
      "id": "/subscriptions/c2242621-293d-4604-918a-42718bca43b8/resourceGroups/brh-euw-rsg-p-hub-keyv/providers/Microsoft.KeyVault/vaults/brh-euw-kv-p-hub-mgmt-01"
    },
    "secretName": "vmadminpassword"
  }
      },
      "VirtualMachineName": {
        "value": ["brheuwswpdoc01", "brheuwswpdoc02"]
      },
      "virtualMachineSize": {
        "value": "Standard_DS3_v2"
      },
      "noOfDataDisk": {
        "value": 1
      },
      "dataDiskSize": {
        "value": 100
      },
      "SharedImageGalleryResourceGroupName": {
        "value": "BR-EUW-RSG-P-SIG"
      },
      "galleryName": {
        "value": "BREUWSIGP01"
      },
      "galleryImageDefinitionName": {
        "value": "BR-EUW-SIGVM-P-W2016"
      },
      "galleryImageVersionName": {
        "value": "0.0.1"
      },
      "EnableAcceleratedNetworking": {
        "value": true
      },
      "storageAccountName": {
        "value": "brheuwstopdiagacct01"
      },
      "storageAccountResourceGroupName": {
        "value": "brh-euw-rsg-p-hub-diagsto"
      },
      "existingVirtualNetworkName": {
        "value": "brh-euw-vnt-p-hub"
      },
      "existingVirtualNetworkResourceGroup": {
        "value": "brh-euw-rsg-p-hub-network"
      },
      "Infra-SubnetName": {
        "value": "brh-euw-snt-p-hub-infra"
      },
      "location": {
        "value": "West Europe"
      }
    }
  }
  