{
    "$schema": "https://schema.management.azure.com/schemas/2015-01-01/deploymentTemplate.json#",
    "contentVersion": "1.0.0.0",
    "parameters": {
        "location": {
            "type": "String"
        },
        "privateEndpointName": {
            "type": "String"
        },
        "privateLinkResource": {
            "type": "String"
        },
        "targetSubResource": {
            "type": "Array"
        },
        "requestMessage": {
            "type": "String"
        },
        "subnet": {
            "type": "String"
        },
        "virtualNetworkId": {
            "type": "String"
        },
        "virtualNetworkResourceGroup": {
            "type": "String"
        }
    },
    "resources": [
        {
            "type": "Microsoft.Network/privateEndpoints",
            "apiVersion": "2020-03-01",
            "name": "[parameters('privateEndpointName')]",
            "location": "[parameters('location')]",
            "tags": {},
            "properties": {
                "subnet": {
                    "id": "[parameters('subnet')]"
                },
                "privateLinkServiceConnections": [
                    {
                        "name": "[parameters('privateEndpointName')]",
                        "properties": {
                            "privateLinkServiceId": "[parameters('privateLinkResource')]",
                            "groupIds": "[parameters('targetSubResource')]"
                        }
                    }
                ]
            }
        }
    ]
}