{
    "$schema": "https://schema.management.azure.com/schemas/2019-04-01/deploymentParameters.json#",
    "contentVersion": "1.0.0.0",
    "parameters": {
      
      "localGatewayIpAddress1": {
        "value": "81.246.7.88" 
      },
      "localGatewayIpAddress2":{
         "value" : "84.199.68.157"
      },
      "sharedKey": {
         "reference": {
     "keyVault": {
       "id": "/subscriptions/c2242621-293d-4604-918a-42718bca43b8/resourceGroups/brh-euw-rsg-p-hub-keyv/providers/Microsoft.KeyVault/vaults/brh-euw-kv-p-hub-mgmt-01"
     },
     "secretName": "VPNSharedKey"
   }
      },
      "asn":{
        "value": 65200
      },
      "bgpPeeringAddress1":{
        "value" : "10.254.222.45"
      },
      "bgpPeeringAddress2" : {
        "value": "10.254.221.45"
      },
      "gatewayPublicIPName":{
        "value" :"brh-euw-pip-p-hub-vng-01"
      },
      "gatewayName" :{
        "value" : "brh-euw-vng-p-hub-01"
      },
      "existingVnetName":{
        "value": "brh-euw-vnt-p-hub"
      }

     
    }
  }