{
    "$schema": "https://schema.management.azure.com/schemas/2019-04-01/deploymentTemplate.json#",
    "contentVersion": "1.0.0.0",
    "parameters": {
      "vpnType": {
        "type": "string",
        "metadata": {
          "description": "Route based (Dynamic Gateway) or Policy based (Static Gateway)"
        },
        "defaultValue": "RouteBased",
        "allowedValues": [
          "RouteBased",
          "PolicyBased"
        ]
      },
      
      "localGatewayIpAddress1": {
        "type": "string",
        "metadata": {
          "description": "Public IP of your local/on-prem gateway"
        }
      },
      "localGatewayIpAddress2": {
        "type": "string",
        "metadata": {
          "description": "Public IP of your local/on-prem gateway"
        }
      },
      "existingVnetName": {
        "type": "string",
        "defaultValue": "MyVNET",
        "metadata": {
          "description": "Arbitrary name for the Azure Virtual Network"
        }
      },
     
      "gatewayPublicIPName": {
        "type": "string",
        "metadata": {
          "description": "Arbitrary name for public IP resource used for the new azure gateway"
        }
      },
      "gatewayName": {
        "type": "string",
        "defaultValue": "vnetgw",
        "metadata": {
          "description": "Arbitrary name for the new gateway"
        }
      },
      "gatewaySku": {
        "type": "string",
        "defaultValue": "VpnGw2",
        "allowedValues": [
          "Basic",
          "VpnGw1",
          "VpnGw2",
          "Standard",
          "HighPerformance"
        ]
      },
      "asn": {
        "type" : "int"
      },
      "bgpPeeringAddress1": {
        "type": "string"
      },
      "bgpPeeringAddress2": {
        "type": "string"
      },
      "connectionName1": {
        "type": "string",
        "defaultValue": "Evere-To-Azure-BorealisHub",
        "metadata": {
          "description": "Arbitrary name for the new connection between Azure VNet and other network"
        }
      },
      "connectionName2": {
        "type": "string",
        "defaultValue": "Machelen-To-Azure-BorealisHub",
        "metadata": {
          "description": "Arbitrary name for the new connection between Azure VNet and other network"
        }
      },
      "sharedKey": {
        "type": "string",
        "metadata": {
          "description": "Shared key (PSK) for IPSec tunnel"
        }
      },
      
      "location": {
        "type": "string",
        "defaultValue": "[resourceGroup().location]",
        "metadata": {
          "description": "Location for the resources."
        }
      }
    },
    "variables": {
       "localGatewayName1": "brh-euw-lng-p-hub-evere",
       "localGatewayName2": "brh-euw-lng-p-hub-machelen", 
       "vnetID1": "[resourceId('Microsoft.Network/virtualNetworks',parameters('existingVnetName'))]",
      "gatewaySubnetRef": "[resourceId('Microsoft.Network/virtualNetworks/subnets', parameters('existingVnetName'), 'GatewaySubnet')]"
      
    },

    "resources": [
      {
        "apiVersion": "2018-07-01",
        "type": "Microsoft.Network/localNetworkGateways",
        "name": "[variables('localGatewayName1')]",
        "location": "[parameters('location')]",
        "properties": {
          "localNetworkAddressSpace": {
            "addressPrefixes": [
              
            ]
          },
          "gatewayIpAddress": "[parameters('localGatewayIpAddress1')]",
          "bgpSettings": {
          "asn": "[parameters('asn')]",
          "bgpPeeringAddress": "[parameters('bgpPeeringAddress1')]",
          "peerWeight": 0
        
        }
      }
    },
    {
        "apiVersion": "2018-07-01",
        "type": "Microsoft.Network/localNetworkGateways",
        "name": "[variables('localGatewayName2')]",
        "location": "[parameters('location')]",
        "properties": {
          "localNetworkAddressSpace": {
            "addressPrefixes": [
              
            ]
          },
          "gatewayIpAddress": "[parameters('localGatewayIpAddress2')]",
          "bgpSettings": {
          "asn": "[parameters('asn')]",
          "bgpPeeringAddress": "[parameters('bgpPeeringAddress2')]",
          "peerWeight": 0
        
           }
        }
    
      },
      {
        "apiVersion": "2018-07-01",
        "name": "[parameters('connectionName1')]",
        "type": "Microsoft.Network/connections",
        "location": "[parameters('location')]",
        "dependsOn": [
          "[resourceId('Microsoft.Network/virtualNetworkGateways', parameters('gatewayName'))]",
          "[resourceId('Microsoft.Network/localNetworkGateways', variables('localGatewayName1'))]"
        ],
        "properties": {
          "virtualNetworkGateway1": {
            "id": "[resourceId('Microsoft.Network/virtualNetworkGateways', parameters('gatewayName'))]"
          },
          "localNetworkGateway2": {
            "id": "[resourceId('Microsoft.Network/localNetworkGateways', variables('localGatewayName1'))]"
          },
          "connectionType": "IPsec",
          "connectionProtocol": "IKEv2",
          "dpdTimeoutSeconds": 0,
          "routingWeight": 0,
          "enableBgp" : true,
          "sharedKey": "[parameters('sharedKey')]"
        }
      },
      {
        "apiVersion": "2018-07-01",
        "name": "[parameters('connectionName2')]",
        "type": "Microsoft.Network/connections",
        "location": "[parameters('location')]",
        "dependsOn": [
          "[resourceId('Microsoft.Network/virtualNetworkGateways', parameters('gatewayName'))]",
          "[resourceId('Microsoft.Network/localNetworkGateways', variables('localGatewayName2'))]"
        ],
        "properties": {
          "virtualNetworkGateway1": {
            "id": "[resourceId('Microsoft.Network/virtualNetworkGateways', parameters('gatewayName'))]"
          },
          "localNetworkGateway2": {
            "id": "[resourceId('Microsoft.Network/localNetworkGateways', variables('localGatewayName2'))]"
          },
          "connectionType": "IPsec",
          "connectionProtocol": "IKEv2",
          "dpdTimeoutSeconds": 0,
          "routingWeight": 0,
          "enableBgp" : true,
          "sharedKey": "[parameters('sharedKey')]"
        }
      },
      
      {
        "apiVersion": "2018-07-01",
        "type": "Microsoft.Network/publicIPAddresses",
        "name": "[parameters('gatewayPublicIPName')]",
        "location": "[parameters('location')]",
        "properties": {
          "publicIPAllocationMethod": "Dynamic"
        }
      },
      
      {
        "apiVersion": "2018-07-01",
        "type": "Microsoft.Network/virtualNetworkGateways",
        "name": "[parameters('gatewayName')]",
        "location": "[parameters('location')]",
        "dependsOn": [
        "[concat('Microsoft.Network/publicIPAddresses/', parameters('gatewayPublicIPName'))]"
      ],
        "properties": {
          "ipConfigurations": [
            {
              "properties": {
                "privateIPAllocationMethod": "Dynamic",
                "subnet": {
                  "id": "[variables('gatewaySubnetRef')]"
                },
                "publicIPAddress": {
                  "id": "[resourceId('Microsoft.Network/publicIPAddresses', parameters('gatewayPublicIPName'))]"
                }
              },
              "name": "vnetGatewayConfig"
            }
          ],
          "sku": {
            "name": "[parameters('gatewaySku')]",
            "tier": "[parameters('gatewaySku')]"
          },
          "gatewayType": "Vpn",
          "vpnType": "[parameters('vpnType')]",
          "enableBgp": true,
          "activeActive": false,
                "bgpSettings": {
                    "asn": 65045,
                    "bgpPeeringAddress": "10.45.0.222",
                    "peerWeight": 0
                },
                "vpnGatewayGeneration": "Generation2"
            }
      }
  ]
}