{
    "$schema": "https://schema.management.azure.com/schemas/2019-04-01/deploymentTemplate.json#",
    "contentVersion": "1.0.0.0",
    "parameters": {},
    "functions": [],
    "variables": {
        "devroutetable1": "ces-euw-udr-d-app",
        "devroutetable2": "ces-euw-udr-d-dbiaas",
        "devroutetable3": "ces-euw-udr-d-dbpaas",
        "devroutetable4": "ces-euw-udr-d-feiaas",
        "devroutetable5": "ces-euw-udr-d-fepaas",
        "subnetapp": "ces-euw-snt-d-app",
        "subnetfeiaas": "ces-euw-snt-d-feiaas",
        "subnetfepass": "ces-euw-snt-d-fepaas",
        "subnetdbiaas": "ces-euw-snt-d-dbiaas",
        "subnetdbpaas": "ces-euw-snt-d-dbpaas",
        "nsgapp": "ces-euw-nsg-d-app",
        "nsgfeiaas": "ces-euw-nsg-d-feiaas",
        "nsgfepass": "ces-euw-nsg-d-fepaas",
        "nsgdbiaas": "ces-euw-nsg-d-dbiaas",
        "nsgdbpaas": "ces-euw-nsg-d-dbpaas",
        "devvirtualnetworkname": "ces-euw-vnt-d-01"
    },
    "resources": [
        {
            "name": "[concat(variables('devvirtualnetworkname'),'/',variables('subnetapp'))]",
            "type": "Microsoft.Network/virtualNetworks/subnets",
            "apiVersion": "2018-10-01",
            "location": "West Europe",
            "properties": {
                "addressPrefix": "10.73.1.0/24",
                "routeTable": {
                    "id": "[resourceId('Microsoft.Network/routeTables',variables('devroutetable1'))]"
                },
                "networkSecurityGroup": {
                    "id": "[resourceId('Microsoft.Network/networkSecurityGroups',variables('nsgapp'))]"
                },
                "serviceEndpoints": [

                ]
            }
        },
        {
            "name": "[variables('devroutetable1')]",
            "type": "Microsoft.Network/routeTables",
            "location": "West Europe",
            "apiVersion": "2019-11-01",
            "properties": {
                "disableBgpRoutePropagation": true,
                "routes": [
                    {
                        "name": "ces-euw-udr-d-app-to-brh-euw-snt-p-hub-infra",
                        "properties": {
                            "addressPrefix": "10.45.0.128/26",
                            "nextHopType": "VirtualAppliance",
                            "nextHopIpAddress": "10.45.0.52"
                        }
                    },
                    {
                        "name": "ces-euw-udr-d-app-to-brh-euw-snt-p-hub-mgmt",
                        "properties": {
                            "addressPrefix": "10.45.2.0/24",
                            "nextHopType": "VirtualAppliance",
                            "nextHopIpAddress": "10.45.0.52"
                        }
                    },
                    {
                        "name": "ces-euw-udr-d-app-to-ces-euw-vnt-p-01",
                        "properties": {
                            "addressPrefix": "10.71.0.0/16",
                            "nextHopType": "VirtualAppliance",
                            "nextHopIpAddress": "10.45.0.52"
                        }
                    },
                    {
                        "name": "ces-euw-udr-d-app-to-ces-euw-vnt-t-01",
                        "properties": {
                            "addressPrefix": "10.75.0.0/16",
                            "nextHopType": "VirtualAppliance",
                            "nextHopIpAddress": "10.45.0.52"
                        }
                    },
                    {
                        "name": "ces-euw-udr-d-app-to-ces-euw-vnt-u-01",
                        "properties": {
                            "addressPrefix": "10.76.0.0/16",
                            "nextHopType": "VirtualAppliance",
                            "nextHopIpAddress": "10.45.0.52"
                        }
                    },
                    {
                        "name": "ces-euw-udr-d-app-to-internet",
                        "properties": {
                            "addressPrefix": "0.0.0.0/0",
                            "nextHopType": "VirtualAppliance",
                            "nextHopIpAddress": "10.45.0.20"
                        }
                    },
                    {
                        "name": "ces-euw-udr-d-app-to-brh-euw-snt-p-hub-jp-mgmt",
                        "properties": {
                            "addressPrefix": "10.45.0.64/28",
                            "nextHopType": "None"
                        }
                    },
                    {
                        "name": "ces-euw-udr-d-app-to-brh-euw-snt-p-hub-cp-ext",
                        "properties": {
                            "addressPrefix": "10.45.0.0/28",
                            "nextHopType": "None"
                        }

                    },
                    {
                        "name": "ces-euw-udr-d-app-to-brh-euw-udr-p-hub-gw",
                        "properties": {
                            "addressPrefix": "10.45.0.96/27",
                            "nextHopType": "None"
                        }

                    },
                    {
                        "name": "ces-euw-udr-d-app-to-onpremise",
                        "properties": {
                            "addressPrefix": "10.0.0.0/8",
                            "nextHopType": "VirtualAppliance",
                            "nextHopIpAddress": "10.45.0.52"
                        }

                    },
                    {
                        "name": "ces-euw-udr-d-app-to-onpremise1",
                        "properties": {
                            "addressPrefix": "155.73.0.0/16",
                            "nextHopType": "VirtualAppliance",
                            "nextHopIpAddress": "10.45.0.52"
                        }


                    },
                    {
                        "name": "ces-euw-udr-d-app-to-brh-euw-snt-p-hub-img",
                        "properties": {
                            "addressPrefix": "10.45.4.0/28",
                            "nextHopType": "VirtualAppliance",
                            "nextHopIpAddress": "10.45.0.52"
                        }
                    },
                    {
                        "name": "ces-euw-udr-d-app-to-brh-euw-snt-p-hub-shir",
                        "properties": {
                            "addressPrefix": "10.45.5.0/27",
                            "nextHopType": "VirtualAppliance",
                            "nextHopIpAddress": "10.45.0.52"
                        }
                    }
                ]
            }
        },
        {
            "name": "[concat(variables('devvirtualnetworkname'),'/',variables('subnetdbiaas'))]",
            "type": "Microsoft.Network/virtualNetworks/subnets",
            "apiVersion": "2018-10-01",
            "location": "West Europe",
            "properties": {
                "addressPrefix": "10.73.3.0/24",
                "routeTable": {
                    "id": "[resourceId('Microsoft.Network/routeTables',variables('devroutetable2'))]"
                },
                "networkSecurityGroup": {
                    "id": "[resourceId('Microsoft.Network/networkSecurityGroups',variables('nsgdbiaas'))]"
                },
                "serviceEndpoints": [

                ]
            }
        },
        {
            "name": "[variables('devroutetable2')]",
            "type": "Microsoft.Network/routeTables",
            "location": "West Europe",
            "apiVersion": "2019-11-01",
            "properties": {
                "disableBgpRoutePropagation": true,
                "routes": [
                    {
                        "name": "ces-euw-udr-d-dbiaas-to-brh-euw-snt-p-hub-infra",
                        "properties": {
                            "addressPrefix": "10.45.0.128/26",
                            "nextHopType": "VirtualAppliance",
                            "nextHopIpAddress": "10.45.0.52"
                        }
                    },
                    {
                        "name": "ces-euw-udr-d-dbiaas-to-brh-euw-snt-p-hub-mgmt",
                        "properties": {
                            "addressPrefix": "10.45.2.0/24",
                            "nextHopType": "VirtualAppliance",
                            "nextHopIpAddress": "10.45.0.52"
                        }
                    },
                    {
                        "name": "ces-euw-udr-d-dbiaas-to-ces-euw-vnt-p-01",
                        "properties": {
                            "addressPrefix": "10.71.0.0/16",
                            "nextHopType": "VirtualAppliance",
                            "nextHopIpAddress": "10.45.0.52"
                        }
                    },
                    {
                        "name": "ces-euw-udr-d-dbiaas-to-ces-euw-vnt-t-01",
                        "properties": {
                            "addressPrefix": "10.75.0.0/16",
                            "nextHopType": "VirtualAppliance",
                            "nextHopIpAddress": "10.45.0.52"
                        }
                    },
                    {
                        "name": "ces-euw-udr-d-dbiaas-to-ces-euw-vnt-u-01",
                        "properties": {
                            "addressPrefix": "10.76.0.0/16",
                            "nextHopType": "VirtualAppliance",
                            "nextHopIpAddress": "10.45.0.52"
                        }
                    },
                    {
                        "name": "ces-euw-udr-d-dbiaas-to-internet",
                        "properties": {
                            "addressPrefix": "0.0.0.0/0",
                            "nextHopType": "VirtualAppliance",
                            "nextHopIpAddress": "10.45.0.20"
                        }
                    },
                    {
                        "name": "ces-euw-udr-d-dbiaas-to-brh-euw-snt-p-hub-jp-mgmt",
                        "properties": {
                            "addressPrefix": "10.45.0.64/28",
                            "nextHopType": "None"
                        }
                    },
                    {
                        "name": "ces-euw-udr-d-dbiaas-to-brh-euw-snt-p-hub-cp-ext",
                        "properties": {
                            "addressPrefix": "10.45.0.0/28",
                            "nextHopType": "None"
                        }
                    },
                    {
                        "name": "ces-euw-udr-d-dbiaas-to-brh-euw-udr-p-hub-gw",
                        "properties": {
                            "addressPrefix": "10.45.0.96/27",
                            "nextHopType": "None"
                        }

                    },
                    {
                        "name": "ces-euw-udr-d-dbiaas-to-onpremise",
                        "properties": {
                            "addressPrefix": "10.0.0.0/8",
                            "nextHopType": "VirtualAppliance",
                            "nextHopIpAddress": "10.45.0.52"
                        }

                    },
                    {
                        "name": "ces-euw-udr-d-dbiaas-to-onpremise1",
                        "properties": {
                            "addressPrefix": "155.73.0.0/16",
                            "nextHopType": "VirtualAppliance",
                            "nextHopIpAddress": "10.45.0.52"
                        }


                    },

                    {
                        "name": "ces-euw-udr-d-dbiaas-to-brh-euw-snt-p-hub-img",
                        "properties": {
                            "addressPrefix": "10.45.4.0/28",
                            "nextHopType": "VirtualAppliance",
                            "nextHopIpAddress": "10.45.0.52"
                        }
                    },
                    {
                        "name": "ces-euw-udr-d-dbiaas-to-brh-euw-snt-p-hub-shir",
                        "properties": {
                            "addressPrefix": "10.45.5.0/27",
                            "nextHopType": "VirtualAppliance",
                            "nextHopIpAddress": "10.45.0.52"
                        }
                    }
                ]

            }
        },
        {
            "name": "[concat(variables('devvirtualnetworkname'),'/',variables('subnetdbpaas'))]",
            "type": "Microsoft.Network/virtualNetworks/subnets",
            "apiVersion": "2018-10-01",
            "location": "West Europe",
            "properties": {
                "addressPrefix": "10.73.4.0/24",
                "routeTable": {
                    "id": "[resourceId('Microsoft.Network/routeTables',variables('devroutetable3'))]"
                },
                "networkSecurityGroup": {
                    "id": "[resourceId('Microsoft.Network/networkSecurityGroups',variables('nsgdbpaas'))]"
                },
                "serviceEndpoints": [

                ]
            }
        },
        {
            "name": "[variables('devroutetable3')]",
            "type": "Microsoft.Network/routeTables",
            "location": "West Europe",
            "apiVersion": "2019-11-01",
            "properties": {
                "disableBgpRoutePropagation": true,
                "routes": [
                    {
                        "name": "ces-euw-udr-d-dbpaas-to-brh-euw-snt-p-hub-infra",
                        "properties": {
                            "addressPrefix": "10.45.0.128/26",
                            "nextHopType": "VirtualAppliance",
                            "nextHopIpAddress": "10.45.0.52"
                        }
                    },
                    {
                        "name": "ces-euw-udr-d-dbpaas-to-brh-euw-snt-p-hub-mgmt",
                        "properties": {
                            "addressPrefix": "10.45.2.0/24",
                            "nextHopType": "VirtualAppliance",
                            "nextHopIpAddress": "10.45.0.52"
                        }
                    },
                    {
                        "name": "ces-euw-udr-d-dbpaas-to-ces-euw-vnt-p-01",
                        "properties": {
                            "addressPrefix": "10.71.0.0/16",
                            "nextHopType": "VirtualAppliance",
                            "nextHopIpAddress": "10.45.0.52"
                        }
                    },
                    {
                        "name": "ces-euw-udr-d-dbpaas-to-ces-euw-vnt-t-01",
                        "properties": {
                            "addressPrefix": "10.75.0.0/16",
                            "nextHopType": "VirtualAppliance",
                            "nextHopIpAddress": "10.45.0.52"
                        }
                    },
                    {
                        "name": "ces-euw-udr-d-dbpaas-to-ces-euw-vnt-u-01",
                        "properties": {
                            "addressPrefix": "10.76.0.0/16",
                            "nextHopType": "VirtualAppliance",
                            "nextHopIpAddress": "10.45.0.52"
                        }
                    },
                    {
                        "name": "ces-euw-udr-d-dbpaas-to-internet",
                        "properties": {
                            "addressPrefix": "0.0.0.0/0",
                            "nextHopType": "VirtualAppliance",
                            "nextHopIpAddress": "10.45.0.20"
                        }
                    },
                    {
                        "name": "ces-euw-udr-d-dbpaas-to-brh-euw-snt-p-hub-jp-mgmt",
                        "properties": {
                            "addressPrefix": "10.45.0.64/28",
                            "nextHopType": "None"
                        }
                    },
                    {
                        "name": "ces-euw-udr-d-dbpaas-to-brh-euw-snt-p-hub-cp-ext",
                        "properties": {
                            "addressPrefix": "10.45.0.0/28",
                            "nextHopType": "None"
                        }
                    },
                    {
                        "name": "ces-euw-udr-d-dbpaas-to-brh-euw-udr-p-hub-gw",
                        "properties": {
                            "addressPrefix": "10.45.0.96/27",
                            "nextHopType": "None"
                        }

                    },
                    {
                        "name": "ces-euw-udr-d-dbpaas-to-onpremise",
                        "properties": {
                            "addressPrefix": "10.0.0.0/8",
                            "nextHopType": "VirtualAppliance",
                            "nextHopIpAddress": "10.45.0.52"
                        }

                    },
                    {
                        "name": "ces-euw-udr-d-dbpaas-to-onpremise1",
                        "properties": {
                            "addressPrefix": "155.73.0.0/16",
                            "nextHopType": "VirtualAppliance",
                            "nextHopIpAddress": "10.45.0.52"
                        }


                    },
                    {
                        "name": "ces-euw-udr-d-dbpaas-to-brh-euw-snt-p-hub-img",
                        "properties": {
                            "addressPrefix": "10.45.4.0/28",
                            "nextHopType": "VirtualAppliance",
                            "nextHopIpAddress": "10.45.0.52"
                        }
                    },
                    {
                        "name": "ces-euw-udr-d-dbpaas-to-brh-euw-snt-p-hub-shir",
                        "properties": {
                            "addressPrefix": "10.45.5.0/27",
                            "nextHopType": "VirtualAppliance",
                            "nextHopIpAddress": "10.45.0.52"
                        }
                    }
                ]

            }
        },
        {
            "name": "[concat(variables('devvirtualnetworkname'),'/',variables('subnetfeiaas'))]",
            "type": "Microsoft.Network/virtualNetworks/subnets",
            "apiVersion": "2018-10-01",
            "location": "West Europe",
            "properties": {
                "addressPrefix": "10.73.0.0/24",
                "routeTable": {
                    "id": "[resourceId('Microsoft.Network/routeTables',variables('devroutetable4'))]"
                },
                "networkSecurityGroup": {
                    "id": "[resourceId('Microsoft.Network/networkSecurityGroups',variables('nsgfeiaas'))]"
                },
                "serviceEndpoints": [

                ]
            }
        },
        {
            "name": "[variables('devroutetable4')]",
            "type": "Microsoft.Network/routeTables",
            "location": "West Europe",
            "apiVersion": "2019-11-01",
            "properties": {
                "disableBgpRoutePropagation": true,
                "routes": [
                    {
                        "name": "ces-euw-udr-d-feiaas-to-brh-euw-snt-p-hub-infra",
                        "properties": {
                            "addressPrefix": "10.45.0.128/26",
                            "nextHopType": "VirtualAppliance",
                            "nextHopIpAddress": "10.45.0.52"
                        }
                    },
                    {
                        "name": "ces-euw-udr-d-feiaas-to-brh-euw-snt-p-hub-mgmt",
                        "properties": {
                            "addressPrefix": "10.45.2.0/24",
                            "nextHopType": "VirtualAppliance",
                            "nextHopIpAddress": "10.45.0.52"
                        }
                    },
                    {
                        "name": "ces-euw-udr-d-feiaas-to-ces-euw-vnt-p-01",
                        "properties": {
                            "addressPrefix": "10.71.0.0/16",
                            "nextHopType": "VirtualAppliance",
                            "nextHopIpAddress": "10.45.0.52"
                        }
                    },
                    {
                        "name": "ces-euw-udr-d-feiaas-to-ces-euw-vnt-t-01",
                        "properties": {
                            "addressPrefix": "10.75.0.0/16",
                            "nextHopType": "VirtualAppliance",
                            "nextHopIpAddress": "10.45.0.52"
                        }
                    },
                    {
                        "name": "ces-euw-udr-d-feiaas-to-ces-euw-vnt-u-01",
                        "properties": {
                            "addressPrefix": "10.76.0.0/16",
                            "nextHopType": "VirtualAppliance",
                            "nextHopIpAddress": "10.45.0.52"
                        }
                    },
                    {
                        "name": "ces-euw-udr-d-feiaas-to-internet",
                        "properties": {
                            "addressPrefix": "0.0.0.0/0",
                            "nextHopType": "VirtualAppliance",
                            "nextHopIpAddress": "10.45.0.20"
                        }
                    },
                    {
                        "name": "ces-euw-udr-d-feiaas-to-brh-euw-snt-p-hub-jp-mgmt",
                        "properties": {
                            "addressPrefix": "10.45.0.64/28",
                            "nextHopType": "None"
                        }
                    },
                    {
                        "name": "ces-euw-udr-d-feiaas-to-brh-euw-snt-p-hub-cp-ext",
                        "properties": {
                            "addressPrefix": "10.45.0.0/28",
                            "nextHopType": "None"
                        }
                    },
                    {
                        "name": "ces-euw-udr-d-feiaas-to-brh-euw-udr-p-hub-gw",
                        "properties": {
                            "addressPrefix": "10.45.0.96/27",
                            "nextHopType": "None"
                        }
                    },
                    {
                        "name": "ces-euw-udr-d-feiaas-to-onpremise",
                        "properties": {
                            "addressPrefix": "10.0.0.0/8",
                            "nextHopType": "VirtualAppliance",
                            "nextHopIpAddress": "10.45.0.52"
                        }
                    },
                    {
                        "name": "ces-euw-udr-d-feiaas-to-onpremise1",
                        "properties": {
                            "addressPrefix": "155.73.0.0/16",
                            "nextHopType": "VirtualAppliance",
                            "nextHopIpAddress": "10.45.0.52"
                        }


                    },

                    {
                        "name": "ces-euw-udr-d-feiaas-to-brh-euw-snt-p-hub-img",
                        "properties": {
                            "addressPrefix": "10.45.4.0/28",
                            "nextHopType": "VirtualAppliance",
                            "nextHopIpAddress": "10.45.0.52"
                        }
                    },
                    {
                        "name": "ces-euw-udr-d-feiaas-to-brh-euw-snt-p-hub-shir",
                        "properties": {
                            "addressPrefix": "10.45.5.0/27",
                            "nextHopType": "VirtualAppliance",
                            "nextHopIpAddress": "10.45.0.52"
                        }
                    }
                ]

            }
        },
        {
            "name": "[concat(variables('devvirtualnetworkname'),'/',variables('subnetfepass'))]",
            "type": "Microsoft.Network/virtualNetworks/subnets",
            "apiVersion": "2018-10-01",
            "location": "West Europe",
            "properties": {
                "addressPrefix": "10.73.2.0/24",
                "routeTable": {
                    "id": "[resourceId('Microsoft.Network/routeTables',variables('devroutetable5'))]"
                },
                "networkSecurityGroup": {
                    "id": "[resourceId('Microsoft.Network/networkSecurityGroups',variables('nsgfepass'))]"
                },
                "serviceEndpoints": [

                ]
            }
        },
        {
            "name": "[variables('devroutetable5')]",
            "type": "Microsoft.Network/routeTables",
            "location": "West Europe",
            "apiVersion": "2019-11-01",
            "properties": {
                "disableBgpRoutePropagation": true,
                "routes": [
                    {
                        "name": "ces-euw-udr-d-fepaas-to-brh-euw-snt-p-hub-infra",
                        "properties": {
                            "addressPrefix": "10.45.0.128/26",
                            "nextHopType": "VirtualAppliance",
                            "nextHopIpAddress": "10.45.0.52"
                        }
                    },
                    {
                        "name": "ces-euw-udr-d-fepaas-to-brh-euw-snt-p-hub-mgmt",
                        "properties": {
                            "addressPrefix": "10.45.2.0/24",
                            "nextHopType": "VirtualAppliance",
                            "nextHopIpAddress": "10.45.0.52"
                        }
                    },
                    {
                        "name": "ces-euw-udr-d-fepaas-to-ces-euw-vnt-p-01",
                        "properties": {
                            "addressPrefix": "10.71.0.0/16",
                            "nextHopType": "VirtualAppliance",
                            "nextHopIpAddress": "10.45.0.52"
                        }
                    },
                    {
                        "name": "ces-euw-udr-d-fepaas-to-ces-euw-vnt-t-01",
                        "properties": {
                            "addressPrefix": "10.75.0.0/16",
                            "nextHopType": "VirtualAppliance",
                            "nextHopIpAddress": "10.45.0.52"
                        }
                    },
                    {
                        "name": "ces-euw-udr-d-fepaas-to-ces-euw-vnt-u-01",
                        "properties": {
                            "addressPrefix": "10.76.0.0/16",
                            "nextHopType": "VirtualAppliance",
                            "nextHopIpAddress": "10.45.0.52"
                        }
                    },
                    {
                        "name": "ces-euw-udr-d-fepaas-to-internet",
                        "properties": {
                            "addressPrefix": "0.0.0.0/0",
                            "nextHopType": "VirtualAppliance",
                            "nextHopIpAddress": "10.45.0.20"
                        }
                    },
                    {
                        "name": "ces-euw-udr-d-fepaas-to-brh-euw-snt-p-hub-jp-mgmt",
                        "properties": {
                            "addressPrefix": "10.45.0.64/28",
                            "nextHopType": "None"
                        }
                    },
                    {
                        "name": "ces-euw-udr-d-fepaas-to-brh-euw-snt-p-hub-cp-ext",
                        "properties": {
                            "addressPrefix": "10.45.0.0/28",
                            "nextHopType": "None"
                        }
                    },
                    {
                        "name": "ces-euw-udr-d-fepaas-to-brh-euw-udr-p-hub-gw",
                        "properties": {
                            "addressPrefix": "10.45.0.96/27",
                            "nextHopType": "None"
                        }

                    },
                    {
                        "name": "ces-euw-udr-d-fepaas-to-onpremise",
                        "properties": {
                            "addressPrefix": "10.0.0.0/8",
                            "nextHopType": "VirtualAppliance",
                            "nextHopIpAddress": "10.45.0.52"
                        }

                    },
                    {
                        "name": "ces-euw-udr-d-fepaas-to-onpremise1",
                        "properties": {
                            "addressPrefix": "155.73.0.0/16",
                            "nextHopType": "VirtualAppliance",
                            "nextHopIpAddress": "10.45.0.52"
                        }


                    },
                    {
                        "name": "ces-euw-udr-d-fepaas-to-brh-euw-snt-p-hub-img",
                        "properties": {
                            "addressPrefix": "10.45.4.0/28",
                            "nextHopType": "VirtualAppliance",
                            "nextHopIpAddress": "10.45.0.52"
                        }
                    },
                    {
                        "name": "ces-euw-udr-d-fepaas-to-brh-euw-snt-p-hub-shir",
                        "properties": {
                            "addressPrefix": "10.45.5.0/27",
                            "nextHopType": "VirtualAppliance",
                            "nextHopIpAddress": "10.45.0.52"
                        }
                    }
                ]

            }
        }


    ],
    "outputs": {}
}