{
    "$schema": "https://schema.management.azure.com/schemas/2019-04-01/deploymentTemplate.json#",
    "contentVersion": "1.0.0.0",
    "parameters": {},
    "functions": [],
    "variables": {
        "Routetable1": "brh-euw-udr-p-hubdmz-alt",
        "Subnetalt": "brh-euw-snt-p-hubdmz-alt",
        "nsgalt": "brh-euw-nsg-p-hubdmz-alt",
        "dmzhubvirtualNetworkName": "brh-euw-vnt-p-hubdmz"
    },
    "resources": [
        {
            "name": "[concat(variables('dmzhubvirtualNetworkName'),'/',variables('Subnetalt'))]",
            "type": "Microsoft.Network/virtualNetworks/subnets",
            "apiVersion": "2018-10-01",
            "location": "West Europe",
            "properties": {
                "addressPrefix": "10.47.0.0/29",
                "routeTable": {
                    "id": "[resourceId('Microsoft.Network/routeTables',variables('routetable1'))]"
                },
                "networkSecurityGroup": {
                    "id": "[resourceId('Microsoft.Network/networkSecurityGroups',variables('nsgalt'))]"
                },
                "serviceEndpoints": []
            }
        },
        {
            "name": "[variables('routetable1')]",
            "type": "Microsoft.Network/routeTables",
            "location": "West Europe",
            "apiVersion": "2019-11-01",
            "properties": {
                "disableBgpRoutePropagation": true,
                "routes": [
                    {
                        "name": "brh-euw-udr-p-hubdmz-alt-to-brh-euw-vnt-p-hub",
                        "properties": {
                            "addressPrefix": "10.45.0.0/16",
                            "nextHopType": "None"
                        }
                    },
                    {
                        "name": "brh-euw-udr-p-hubdmz-alt-to-internet",
                        "properties": {
                            "addressPrefix": "0.0.0.0/0",
                            "nextHopType": "VirtualAppliance",
                            "nextHopIpAddress": "10.45.0.20"
                        }
                    },
                    {
                        "name": "brh-euw-udr-p-hubdmz-alt-to-brh-euw-snt-p-hub-mgmt",
                        "properties": {
                            "addressPrefix": "10.45.2.0/24",
                            "nextHopType": "VirtualAppliance",
                            "nextHopIpAddress": "10.45.0.52"
                        }
                    },
                    {
                        "name": "brh-euw-udr-p-hubdmz-alt-to-onpremise",
                        "properties": {
                            "addressPrefix": "10.0.0.0/8",
                            "nextHopType": "VirtualAppliance",
                            "nextHopIpAddress": "10.45.0.52"
                        }
                    }
                ]
            }
        }
    ],
    "outputs": {}
}
