{
    "$schema": "https://schema.management.azure.com/schemas/2019-04-01/deploymentTemplate.json#",
    "contentVersion": "1.0.0.0",
    "parameters": {
        "storageAccountName": {
            "defaultValue": "[concat('storage', uniqueString(resourceGroup().id))]",
            "type": "String",
            "metadata": {
                "description": "Specifies the name of the Azure Storage account."
            }
        },
        "fileShareName": {
            "minLength": 3,
            "maxLength": 63,
            "type": "String",
            "metadata": {
                "description": "Specifies the name of the File Share. File share names must be between 3 and 63 characters in length and use numbers, lower-case letters and dash (-) only."
            }
        },
        "location": {
            "defaultValue": "[resourceGroup().location]",
            "type": "String",
            "metadata": {
                "description": "Specifies the location in which the Azure Storage resources should be deployed."
            }
        }
    },
    "resources": [
        {
            "type": "Microsoft.Storage/storageAccounts",
            "apiVersion": "2019-06-01",
            "name": "[parameters('storageAccountName')[copyindex()]]",
            "location": "[parameters('location')]",
            "sku": {
                "name": "Standard_LRS",
                "tier": "Standard"
            },
            "kind": "StorageV2",
            "properties": {
                "accessTier": "Hot"
            }
        },
        {
            "type": "Microsoft.Storage/storageAccounts/fileServices/shares",
            "apiVersion": "2019-06-01",
            "name": "[concat(parameters('storageAccountName'), '/default/', parameters('fileShareName')[Copyindex()])]",
            "dependsOn": [
                "[resourceId('Microsoft.Storage/storageAccounts', parameters('storageAccountName'))]"
            ],
            "properties": {
                "accessTier": "TransactionOptimized",
                "shareQuota": 1024,
                "enabledProtocols": "SMB"
            }
        }
    ]
}