{
    "$schema": "https://schema.management.azure.com/schemas/2019-04-01/deploymentTemplate.json#",
    "contentVersion": "1.0.0.0",
    "parameters": {
        "sourceId": {
            "type": "string",
            "defaultValue": "",
            "metadata": {
                "description": "Resource ID of the Log Analytics workspace."
            }
        },
        "location": {
            "type": "string",
            "defaultValue": "",
            "metadata": {
                "description": "Location for the alert. Must be the same location as the workspace."
            }
        },
        "actionGroupId": {
            "type": "string",
            "defaultValue": "",
            "metadata": {
                "description": "The ID of the action group that is triggered when the alert is activated."
            }
        }
    },
    "resources":[ 
        {
            "type":"Microsoft.Insights/scheduledQueryRules",
            "name":"Alert - Azure backup job failed",
            "apiVersion": "2018-04-16",
            "location": "[parameters('location')]",
            "properties":{
                "description": "Alert - Azure Backup job failed",
                "enabled": "true",
                "source": {
                    "query": "AddonAzureBackupJobs | summarize arg_max(TimeGenerated,*) by JobUniqueId | where JobStatus == \"Failed\"",
                    "dataSourceId": "[parameters('sourceId')]",
                    "queryType":"ResultCount"
                },
                "schedule":{
                    "frequencyInMinutes": 5,
                    "timeWindowInMinutes": 15
                },
                "action":{
                    "odata.type": "Microsoft.WindowsAzure.Management.Monitoring.Alerts.Models.Microsoft.AppInsights.Nexus.DataContracts.Resources.ScheduledQueryRules.AlertingAction",
                    "severity": "3",
                    "aznsAction":{
                        "actionGroup": "[array(parameters('actionGroupId'))]"

                    },
                    "trigger":{
                        "thresholdOperator": "GreaterThan",
                        "threshold": 0
                    }
                }
            }
        }
    ]
}