{
    "$schema": "https://schema.management.azure.com/schemas/2015-01-01/deploymentParameters.json#",
    "contentVersion": "1.0.0.0",
    "parameters": {
        "sourceId": {
          "value": "/subscriptions/20e5b9e1-dd74-4034-bc0b-4715f62f4991/resourceGroups/ces-euw-rsg-p-monitor/providers/Microsoft.OperationalInsights/workspaces/ces-euw-la-p-spoke-01"
        },
        "location": {
          "value": "West Europe"
        },
        "actionGroupId": {
          "value": "/subscriptions/20e5b9e1-dd74-4034-bc0b-4715f62f4991/resourceGroups/ces-euw-rsg-p-monitor/providers/microsoft.insights/actionGroups/ces-euw-ag-p-amon-01"
        }
    }
  }