{
    "$schema": "https://schema.management.azure.com/schemas/2019-04-01/deploymentParameters.json#",
    "contentVersion": "1.0.0.0",
    "parameters": {
        "AlertName": {
            "value": "Alert ! Service Health Notification"
        },
        "Actiongroup": {
            "value": "/subscriptions/06fb523b-4dcd-462a-8193-8065c84d0018/resourceGroups/exs-euw-rsg-d-monitor/providers/Microsoft.Insights/actiongroups/exs-euw-ag-d-amon-01"
        },
        "Alertdescription": {
            "value": "Service Health Notification"
        },
        "Subscriptionid": {
            "value": "/subscriptions/06fb523b-4dcd-462a-8193-8065c84d0018"
        }
    }
}