{
    "$schema": "https://schema.management.azure.com/schemas/2019-04-01/deploymentParameters.json#",
    "contentVersion": "1.0.0.0",
    "parameters": {
        "AlertName": {
            "value": "Alert ! Service Health Notification"
        },
        "Actiongroup": {
            "value": "/subscriptions/64b26c21-bac5-42c2-8421-d879c44c1dd9/resourceGroups/exs-euw-rsg-p-monitor/providers/Microsoft.Insights/actiongroups/exs-euw-ag-p-amon-01"
        },
        "Alertdescription": {
            "value": "Service Health Notification"
        },
        "Subscriptionid": {
            "value": "/subscriptions/64b26c21-bac5-42c2-8421-d879c44c1dd9"
        }
    }
}