{
    "$schema": "https://schema.management.azure.com/schemas/2019-04-01/deploymentParameters.json#",
    "contentVersion": "1.0.0.0",
    "parameters": {
        "AlertName": {
            "value": "Alert ! Service Health Notification"
        },
        "Actiongroup": {
            "value": "/subscriptions/d48fb55b-7069-4008-ae66-bcdefd81a8d6/resourceGroups/exs-euw-rsg-t-monitor/providers/microsoft.insights/actionGroups/exs-euw-ag-t-amon-01"
        },
        "Alertdescription": {
            "value": "Service Health Notification"
        },
        "Subscriptionid": {
            "value": "/subscriptions/d48fb55b-7069-4008-ae66-bcdefd81a8d6"
        }
    }
}