{
    "$schema": "https://schema.management.azure.com/schemas/2019-04-01/deploymentParameters.json#",
    "contentVersion": "1.0.0.0",
    "parameters": {
        "AlertName": {
            "value": "Alert ! Service Health Notification"
        },
        "Actiongroup": {
            "value": "/subscriptions/96306a04-91b8-4042-862e-14e86d8101fe/resourceGroups/brs-euw-rsg-d-monitor/providers/microsoft.insights/actionGroups/brs-euw-ag-d-amon-01"
        },
        "Alertdescription": {
            "value": "Service Health Notification"
        },
        "Subscriptionid": {
            "value": "/subscriptions/96306a04-91b8-4042-862e-14e86d8101fe"
        }
    }
}