{
    "$schema": "https://schema.management.azure.com/schemas/2019-04-01/deploymentParameters.json#",
    "contentVersion": "1.0.0.0",
    "parameters": {
        "AlertName": {
            "value": "Alert ! Service Health Notification"
        },
        "Actiongroup": {
            "value": "/subscriptions/26c48b7f-0ce8-4d0d-a373-221b17cb4a69/resourceGroups/brs-euw-rsg-u-monitor/providers/Microsoft.Insights/actiongroups/brs-euw-ag-u-amon-01"
        },
        "Alertdescription": {
            "value": "Service Health Notification"
        },
        "Subscriptionid": {
            "value": "/subscriptions/26c48b7f-0ce8-4d0d-a373-221b17cb4a69"
        }
    }
}