{
    "$schema": "https://schema.management.azure.com/schemas/2015-01-01/deploymentParameters.json#",
    "contentVersion": "1.0.0.0",
    "parameters": {
        "sourceId": {
          "value": "/subscriptions/26c48b7f-0ce8-4d0d-a373-221b17cb4a69/resourceGroups/brs-euw-rsg-u-monitor/providers/Microsoft.OperationalInsights/workspaces/brs-euw-la-u-spoke-01"
        },
        "location": {
          "value": "West Europe"
        },
        "actionGroupId": {
          "value": "/subscriptions/26c48b7f-0ce8-4d0d-a373-221b17cb4a69/resourceGroups/brs-euw-rsg-u-monitor/providers/Microsoft.Insights/actiongroups/brs-euw-ag-u-amon-01"
        }
    }
  }