{
    "$schema": "https://schema.management.azure.com/schemas/2015-01-01/deploymentParameters.json#",
    "contentVersion": "1.0.0.0",
    "parameters": {
        "sourceId": {
          "value": "/subscriptions/96306a04-91b8-4042-862e-14e86d8101fe/resourcegroups/brs-euw-rsg-d-monitor/providers/microsoft.operationalinsights/workspaces/brs-euw-la-d-spoke-01"
        },
        "location": {
          "value": "West Europe"
        },
        "actionGroupId": {
          "value": "/subscriptions/96306a04-91b8-4042-862e-14e86d8101fe/resourceGroups/brs-euw-rsg-d-monitor/providers/microsoft.insights/actionGroups/brs-euw-ag-d-amon-01"
        }
    }
  }