{
    "$schema": "https://schema.management.azure.com/schemas/2019-04-01/deploymentParameters.json#",
    "contentVersion": "1.0.0.0",
    "parameters": {
        "AlertName": {
            "value": "Alert ! Service Health Notification"
        },
        "Actiongroup": {
            "value": "/subscriptions/4e66d59a-7eca-40dd-91c9-c40ecb3304c0/resourceGroups/pos-euw-rsg-u-monitor/providers/Microsoft.Insights/actiongroups/pos-euw-ag-u-amon-01"
        },
        "Alertdescription": {
            "value": "Service Health Notification"
        },
        "Subscriptionid": {
            "value": "/subscriptions/4e66d59a-7eca-40dd-91c9-c40ecb3304c0"
        }
    }
}