{
    "$schema": "https://schema.management.azure.com/schemas/2019-04-01/deploymentParameters.json#",
    "contentVersion": "1.0.0.0",
    "parameters": {
        "AlertName": {
            "value": "Alert ! Service Health Notification"
        },
        "Actiongroup": {
            "value": "/subscriptions/6e726a8e-364d-4781-a8ff-2b6d734eded2/resourceGroups/pos-euw-rsg-d-monitor/providers/Microsoft.Insights/actiongroups/pos-euw-ag-d-amon-01"
        },
        "Alertdescription": {
            "value": "Service Health Notification"
        },
        "Subscriptionid": {
            "value": "/subscriptions/6e726a8e-364d-4781-a8ff-2b6d734eded2"
        }
    }
}