{
    "$schema": "https://schema.management.azure.com/schemas/2019-04-01/deploymentParameters.json#",
    "contentVersion": "1.0.0.0",
    "parameters": {
        "sourceId": {
            "value": "/subscriptions/96306a04-91b8-4042-862e-14e86d8101fe/resourcegroups/brs-euw-rsg-d-monitor/providers/microsoft.operationalinsights/workspaces/brs-euw-la-d-spoke-01"
        },
        "location": {
            "value": "West Europe" 
        },
        "actionGroupId": {
            "value": "/subscriptions/96306a04-91b8-4042-862e-14e86d8101fe/resourceGroups/brs-euw-rsg-d-monitor/providers/microsoft.insights/actionGroups/brs-euw-ag-d-amon-01"
        },
        "alertname": {
            "value": "Memory Usgae is High - Warning Alert" 
        },
        "isEnabled": {
            "value": true
        },
        "windowSizeinminutes": {
            "value": "15"
        },
        "evaluationFrequencyinminutes": {
            "value": "5"
        },
        "alertSeverity": {
            "value": 3
        },
        "triggeroperator": {
            "value": "GreaterThan" 
        },
        "metrictriggeroperator": {
            "value": "GreaterThan" 
        },
        "thresholdvalue": {
            "value": "85" 
        },
        "metrictriggertype": {
            "value": "Consecutive" 
        }
    }
}