{
    "$schema": "https://schema.management.azure.com/schemas/2019-04-01/deploymentTemplate.json#",
    "contentVersion": "1.0.0.0",
    "parameters": {},
    "functions": [],
    "variables": {
        "Uatroutetable1": "exs-euw-udr-u-app",
        "Uatroutetable2": "exs-euw-udr-u-dbiaas",
        "Uatroutetable3": "exs-euw-udr-u-dbpaas",
        "Uatroutetable4": "exs-euw-udr-u-feiaas",
        "Uatroutetable5": "exs-euw-udr-u-fepaas",
        "Uatroutetable6": "exs-euw-udr-u-rpa",
        "SubnetApp": "exs-euw-snt-u-app",
        "SubnetFeiaas": "exs-euw-snt-u-feiaas",
        "SubnetFepass": "exs-euw-snt-u-fepaas",
        "SubnetDbiaas": "exs-euw-snt-u-dbiaas",
        "SubnetDbpaas": "exs-euw-snt-u-dbpaas",
        "Subnetrpa": "exs-euw-snt-u-rpa",
        "nsgApp": "exs-euw-nsg-u-app",
        "nsgFeiaas": "exs-euw-nsg-u-feiaas",
        "nsgFepass": "exs-euw-nsg-u-fepaas",
        "nsgDbiaas": "exs-euw-nsg-u-dbiaas",
        "nsgDbpaas": "exs-euw-nsg-u-dbpaas",
        "nsgrpa": "exs-euw-nsg-u-rpa",
        "UatvirtualNetworkName": "exs-euw-vnt-u-01"
    },
    "resources": [
        {
            "name": "[concat(variables('UatvirtualNetworkName'),'/',variables('SubnetApp'))]",
            "type": "Microsoft.Network/virtualNetworks/subnets",
            "apiVersion": "2018-10-01",
            "location": "West Europe",
            "properties": {
                "addressPrefix": "10.59.1.0/24",
                "routeTable": {
                    "id": "[resourceId('Microsoft.Network/routeTables',variables('Uatroutetable1'))]"
                },
                "networkSecurityGroup": {
                    "id": "[resourceId('Microsoft.Network/networkSecurityGroups',variables('nsgApp'))]"
                },
                "serviceEndpoints": [
                    {
                        "service": "microsoft.keyvault"
                    },
                    {
                        "service": "microsoft.storage"
                    }

                ]
            }
        },
        {
            "name": "[variables('Uatroutetable1')]",
            "type": "Microsoft.Network/routeTables",
            "location": "West Europe",
            "apiVersion": "2019-11-01",
            "properties": {
                "disableBgpRoutePropagation": true,
                "routes": [
                    {
                        "name": "exs-euw-udr-u-app-to-brh-euw-snt-p-hub-infra",
                        "properties": {
                            "addressPrefix": "10.45.0.128/26",
                            "nextHopType": "VirtualAppliance",
                            "nextHopIpAddress": "10.45.0.52"
                        }
                    },
                    {
                        "name": "exs-euw-udr-u-app-to-brh-euw-snt-p-hub-mgmt",
                        "properties": {
                            "addressPrefix": "10.45.2.0/24",
                            "nextHopType": "VirtualAppliance",
                            "nextHopIpAddress": "10.45.0.52"
                        }
                    },
                    {
                        "name": "exs-euw-udr-u-app-to-exs-euw-vnt-d-01",
                        "properties": {
                            "addressPrefix": "10.56.0.0/16",
                            "nextHopType": "VirtualAppliance",
                            "nextHopIpAddress": "10.45.0.52"
                        }
                    },
                    {
                        "name": "exs-euw-udr-u-app-to-exs-euw-vnt-t-01",
                        "properties": {
                            "addressPrefix": "10.58.0.0/16",
                            "nextHopType": "VirtualAppliance",
                            "nextHopIpAddress": "10.45.0.52"
                        }
                    },
                    {
                        "name": "exs-euw-udr-u-app-to-exs-euw-vnt-p-01",
                        "properties": {
                            "addressPrefix": "10.55.0.0/16",
                            "nextHopType": "VirtualAppliance",
                            "nextHopIpAddress": "10.45.0.52"
                        }
                    },
                    {
                        "name": "exs-euw-udr-u-app-to-internet",
                        "properties": {
                            "addressPrefix": "0.0.0.0/0",
                            "nextHopType": "VirtualAppliance",
                            "nextHopIpAddress": "10.45.0.20"
                        }
                    },
                    {
                        "name": "exs-euw-udr-u-app-to-brh-euw-snt-p-hub-jp-mgmt",
                        "properties": {
                            "addressPrefix": "10.45.0.64/28",
                            "nextHopType": "None"
                        }
                    },
                    {
                        "name": "exs-euw-udr-u-app-to-brh-euw-snt-p-hub-cp-ext",
                        "properties": {
                            "addressPrefix": "10.45.0.0/28",
                            "nextHopType": "None"
                        }

                    },
                    {
                        "name": "exs-euw-udr-u-app-to-brh-euw-udr-p-hub-gw",
                        "properties": {
                            "addressPrefix": "10.45.0.96/27",
                            "nextHopType": "None"
                        }

                    },
                    {
                        "name": "exs-euw-udr-u-app-to-onpremise",
                        "properties": {
                            "addressPrefix": "10.0.0.0/8",
                            "nextHopType": "VirtualAppliance",
                            "nextHopIpAddress": "10.45.0.52"
                        }
                    },
                    {
                        "name": "exs-euw-udr-u-app-to-onpremise1",
                        "properties": {
                            "addressPrefix": "155.73.0.0/16",
                            "nextHopType": "VirtualAppliance",
                            "nextHopIpAddress": "10.45.0.52"
                        }


                    },
                    {
                        "name": "exs-euw-udr-u-app-to-brh-euw-snt-p-hub-img",
                        "properties": {
                            "addressPrefix": "10.45.4.0/28",
                            "nextHopType": "VirtualAppliance",
                            "nextHopIpAddress": "10.45.0.52"
                        }
                    },
                    {
                        "name": "exs-euw-udr-u-app-to-brh-euw-snt-p-hub-shir",
                        "properties": {
                            "addressPrefix": "10.45.5.0/27",
                            "nextHopType": "VirtualAppliance",
                            "nextHopIpAddress": "10.45.0.52"
                        }
                    }
                ]
            }
        },
        {
            "name": "[concat(variables('UatvirtualNetworkName'),'/',variables('SubnetDbiaas'))]",
            "type": "Microsoft.Network/virtualNetworks/subnets",
            "apiVersion": "2018-10-01",
            "location": "West Europe",
            "properties": {
                "addressPrefix": "10.59.3.0/24",
                "routeTable": {
                    "id": "[resourceId('Microsoft.Network/routeTables',variables('Uatroutetable2'))]"
                },
                "networkSecurityGroup": {
                    "id": "[resourceId('Microsoft.Network/networkSecurityGroups',variables('nsgDbiaas'))]"
                },
                "serviceEndpoints": [
                    {
                        "service": "microsoft.keyvault"
                    },
                    {
                        "service": "microsoft.storage"
                    }

                ]
            }
        },
        {
            "name": "[variables('Uatroutetable2')]",
            "type": "Microsoft.Network/routeTables",
            "location": "West Europe",
            "apiVersion": "2019-11-01",
            "properties": {
                "disableBgpRoutePropagation": true,
                "routes": [
                    {
                        "name": "exs-euw-udr-u-dbiaas-to-brh-euw-snt-p-hub-infra",
                        "properties": {
                            "addressPrefix": "10.45.0.128/26",
                            "nextHopType": "VirtualAppliance",
                            "nextHopIpAddress": "10.45.0.52"
                        }
                    },
                    {
                        "name": "exs-euw-udr-u-dbiaas-to-brh-euw-snt-p-hub-mgmt",
                        "properties": {
                            "addressPrefix": "10.45.2.0/24",
                            "nextHopType": "VirtualAppliance",
                            "nextHopIpAddress": "10.45.0.52"
                        }
                    },
                    {
                        "name": "exs-euw-udr-u-dbiaas-to-exs-euw-vnt-d-01",
                        "properties": {
                            "addressPrefix": "10.56.0.0/16",
                            "nextHopType": "VirtualAppliance",
                            "nextHopIpAddress": "10.45.0.52"
                        }
                    },
                    {
                        "name": "exs-euw-udr-u-dbiaas-to-exs-euw-vnt-t-01",
                        "properties": {
                            "addressPrefix": "10.58.0.0/16",
                            "nextHopType": "VirtualAppliance",
                            "nextHopIpAddress": "10.45.0.52"
                        }
                    },
                    {
                        "name": "exs-euw-udr-u-dbiaas-to-exs-euw-vnt-p-01",
                        "properties": {
                            "addressPrefix": "10.55.0.0/16",
                            "nextHopType": "VirtualAppliance",
                            "nextHopIpAddress": "10.45.0.52"
                        }
                    },
                    {
                        "name": "exs-euw-udr-u-dbiaas-to-internet",
                        "properties": {
                            "addressPrefix": "0.0.0.0/0",
                            "nextHopType": "VirtualAppliance",
                            "nextHopIpAddress": "10.45.0.20"
                        }
                    },
                    {
                        "name": "exs-euw-udr-u-dbiaas-to-brh-euw-snt-p-hub-jp-mgmt",
                        "properties": {
                            "addressPrefix": "10.45.0.64/28",
                            "nextHopType": "None"
                        }
                    },
                    {
                        "name": "exs-euw-udr-u-dbiaas-to-brh-euw-snt-p-hub-cp-ext",
                        "properties": {
                            "addressPrefix": "10.45.0.0/28",
                            "nextHopType": "None"
                        }
                    },
                    {
                        "name": "exs-euw-udr-u-dbiaas-to-brh-euw-udr-p-hub-gw",
                        "properties": {
                            "addressPrefix": "10.45.0.96/27",
                            "nextHopType": "None"
                        }

                    },
                    {
                        "name": "exs-euw-udr-u-dbiaas-to-onpremise",
                        "properties": {
                            "addressPrefix": "10.0.0.0/8",
                            "nextHopType": "VirtualAppliance",
                            "nextHopIpAddress": "10.45.0.52"
                        }
                    },
                    {
                        "name": "exs-euw-udr-u-dbiaas-to-onpremise1",
                        "properties": {
                            "addressPrefix": "155.73.0.0/16",
                            "nextHopType": "VirtualAppliance",
                            "nextHopIpAddress": "10.45.0.52"
                        }


                    },
                    {
                        "name": "exs-euw-udr-u-dbiaas-to-brh-euw-snt-p-hub-img",
                        "properties": {
                            "addressPrefix": "10.45.4.0/28",
                            "nextHopType": "VirtualAppliance",
                            "nextHopIpAddress": "10.45.0.52"
                        }
                    },
                    {
                        "name": "exs-euw-udr-u-dbiaas-to-brh-euw-snt-p-hub-shir",
                        "properties": {
                            "addressPrefix": "10.45.5.0/27",
                            "nextHopType": "VirtualAppliance",
                            "nextHopIpAddress": "10.45.0.52"
                        }
                    }
                ]

            }
        },
        {
            "name": "[concat(variables('UatvirtualNetworkName'),'/',variables('SubnetDbpaas'))]",
            "type": "Microsoft.Network/virtualNetworks/subnets",
            "apiVersion": "2018-10-01",
            "location": "West Europe",
            "properties": {
                "addressPrefix": "10.59.4.0/24",
                "routeTable": {
                    "id": "[resourceId('Microsoft.Network/routeTables',variables('Uatroutetable3'))]"
                },
                "networkSecurityGroup": {
                    "id": "[resourceId('Microsoft.Network/networkSecurityGroups',variables('nsgDbpaas'))]"
                },
                "serviceEndpoints": [
                    {
                        "service": "microsoft.keyvault"
                    },
                    {
                        "service": "microsoft.storage"
                    }

                ]
            }
        },
        {
            "name": "[variables('Uatroutetable3')]",
            "type": "Microsoft.Network/routeTables",
            "location": "West Europe",
            "apiVersion": "2019-11-01",
            "properties": {
                "disableBgpRoutePropagation": true,
                "routes": [
                    {
                        "name": "exs-euw-udr-u-dbpaas-to-brh-euw-snt-p-hub-infra",
                        "properties": {
                            "addressPrefix": "10.45.0.128/26",
                            "nextHopType": "VirtualAppliance",
                            "nextHopIpAddress": "10.45.0.52"
                        }
                    },
                    {
                        "name": "exs-euw-udr-u-dbpaas-to-brh-euw-snt-p-hub-mgmt",
                        "properties": {
                            "addressPrefix": "10.45.2.0/24",
                            "nextHopType": "VirtualAppliance",
                            "nextHopIpAddress": "10.45.0.52"
                        }
                    },
                    {
                        "name": "exs-euw-udr-u-dbpaas-to-exs-euw-vnt-d-01",
                        "properties": {
                            "addressPrefix": "10.56.0.0/16",
                            "nextHopType": "VirtualAppliance",
                            "nextHopIpAddress": "10.45.0.52"
                        }
                    },
                    {
                        "name": "exs-euw-udr-u-dbpaas-to-exs-euw-vnt-t-01",
                        "properties": {
                            "addressPrefix": "10.58.0.0/16",
                            "nextHopType": "VirtualAppliance",
                            "nextHopIpAddress": "10.45.0.52"
                        }
                    },
                    {
                        "name": "exs-euw-udr-u-dbpaas-to-exs-euw-vnt-p-01",
                        "properties": {
                            "addressPrefix": "10.55.0.0/16",
                            "nextHopType": "VirtualAppliance",
                            "nextHopIpAddress": "10.45.0.52"
                        }
                    },
                    {
                        "name": "exs-euw-udr-u-dbpaas-to-internet",
                        "properties": {
                            "addressPrefix": "0.0.0.0/0",
                            "nextHopType": "VirtualAppliance",
                            "nextHopIpAddress": "10.45.0.20"
                        }
                    },
                    {
                        "name": "exs-euw-udr-u-dbpaas-to-brh-euw-snt-p-hub-jp-mgmt",
                        "properties": {
                            "addressPrefix": "10.45.0.64/28",
                            "nextHopType": "None"
                        }
                    },
                    {
                        "name": "exs-euw-udr-u-dbpaas-to-brh-euw-snt-p-hub-cp-ext",
                        "properties": {
                            "addressPrefix": "10.45.0.0/28",
                            "nextHopType": "None"
                        }
                    },
                    {
                        "name": "exs-euw-udr-u-dbpaas-to-brh-euw-udr-p-hub-gw",
                        "properties": {
                            "addressPrefix": "10.45.0.96/27",
                            "nextHopType": "None"
                        }

                    },
                    {
                        "name": "exs-euw-udr-u-dbpaas-to-onpremise",
                        "properties": {
                            "addressPrefix": "10.0.0.0/8",
                            "nextHopType": "VirtualAppliance",
                            "nextHopIpAddress": "10.45.0.52"
                        }
                    },
                    {
                        "name": "exs-euw-udr-u-dbpaas-to-onpremise1",
                        "properties": {
                            "addressPrefix": "155.73.0.0/16",
                            "nextHopType": "VirtualAppliance",
                            "nextHopIpAddress": "10.45.0.52"
                        }


                    },
                    {
                        "name": "exs-euw-udr-u-dbpaas-to-brh-euw-snt-p-hub-img",
                        "properties": {
                            "addressPrefix": "10.45.4.0/28",
                            "nextHopType": "VirtualAppliance",
                            "nextHopIpAddress": "10.45.0.52"
                        }
                    },
                    {
                        "name": "exs-euw-udr-u-dbpaas-to-brh-euw-snt-p-hub-shir",
                        "properties": {
                            "addressPrefix": "10.45.5.0/27",
                            "nextHopType": "VirtualAppliance",
                            "nextHopIpAddress": "10.45.0.52"
                        }
                    }
                ]

            }
        },
        {
            "name": "[concat(variables('UatvirtualNetworkName'),'/',variables('SubnetFeiaas'))]",
            "type": "Microsoft.Network/virtualNetworks/subnets",
            "apiVersion": "2018-10-01",
            "location": "West Europe",
            "properties": {
                "addressPrefix": "10.59.0.0/24",
                "routeTable": {
                    "id": "[resourceId('Microsoft.Network/routeTables',variables('Uatroutetable4'))]"
                },
                "networkSecurityGroup": {
                    "id": "[resourceId('Microsoft.Network/networkSecurityGroups',variables('nsgFeiaas'))]"
                },
                "serviceEndpoints": [
                    {
                        "service": "microsoft.keyvault"
                    },
                    {
                        "service": "microsoft.storage"
                    }

                ]
            }
        },
        {
            "name": "[variables('Uatroutetable4')]",
            "type": "Microsoft.Network/routeTables",
            "location": "West Europe",
            "apiVersion": "2019-11-01",
            "properties": {
                "disableBgpRoutePropagation": true,
                "routes": [
                    {
                        "name": "exs-euw-udr-u-feiaas-to-brh-euw-snt-p-hub-infra",
                        "properties": {
                            "addressPrefix": "10.45.0.128/26",
                            "nextHopType": "VirtualAppliance",
                            "nextHopIpAddress": "10.45.0.52"
                        }
                    },
                    {
                        "name": "exs-euw-udr-u-feiaas-to-brh-euw-snt-p-hub-mgmt",
                        "properties": {
                            "addressPrefix": "10.45.2.0/24",
                            "nextHopType": "VirtualAppliance",
                            "nextHopIpAddress": "10.45.0.52"
                        }
                    },
                    {
                        "name": "exs-euw-udr-u-feiaas-to-exs-euw-vnt-t-01",
                        "properties": {
                            "addressPrefix": "10.58.0.0/16",
                            "nextHopType": "VirtualAppliance",
                            "nextHopIpAddress": "10.45.0.52"
                        }
                    },
                    {
                        "name": "exs-euw-udr-u-feiaas-to-exs-euw-vnt-p-01",
                        "properties": {
                            "addressPrefix": "10.55.0.0/16",
                            "nextHopType": "VirtualAppliance",
                            "nextHopIpAddress": "10.45.0.52"
                        }
                    },
                    {
                        "name": "exs-euw-udr-u-feiaas-to-exs-euw-vnt-d-01",
                        "properties": {
                            "addressPrefix": "10.56.0.0/16",
                            "nextHopType": "VirtualAppliance",
                            "nextHopIpAddress": "10.45.0.52"
                        }
                    },
                    {
                        "name": "exs-euw-udr-u-feiaas-to-internet",
                        "properties": {
                            "addressPrefix": "0.0.0.0/0",
                            "nextHopType": "VirtualAppliance",
                            "nextHopIpAddress": "10.45.0.20"
                        }
                    },
                    {
                        "name": "exs-euw-udr-u-feiaas-to-brh-euw-snt-p-hub-jp-mgmt",
                        "properties": {
                            "addressPrefix": "10.45.0.64/28",
                            "nextHopType": "None"
                        }
                    },
                    {
                        "name": "exs-euw-udr-u-feiaas-to-brh-euw-snt-p-hub-cp-ext",
                        "properties": {
                            "addressPrefix": "10.45.0.0/28",
                            "nextHopType": "None"
                        }
                    },
                    {
                        "name": "exs-euw-udr-u-feiaas-to-brh-euw-udr-p-hub-gw",
                        "properties": {
                            "addressPrefix": "10.45.0.96/27",
                            "nextHopType": "None"
                        }
                    },
                    {
                        "name": "exs-euw-udr-u-feiaas-to-onpremise",
                        "properties": {
                            "addressPrefix": "10.0.0.0/8",
                            "nextHopType": "VirtualAppliance",
                            "nextHopIpAddress": "10.45.0.52"
                        }
                    },
                    {
                        "name": "exs-euw-udr-u-feiaas-to-onpremise1",
                        "properties": {
                            "addressPrefix": "155.73.0.0/16",
                            "nextHopType": "VirtualAppliance",
                            "nextHopIpAddress": "10.45.0.52"
                        }


                    },
                    {
                        "name": "exs-euw-udr-u-feiaas-to-brh-euw-snt-p-hub-img",
                        "properties": {
                            "addressPrefix": "10.45.4.0/28",
                            "nextHopType": "VirtualAppliance",
                            "nextHopIpAddress": "10.45.0.52"
                        }
                    },
                    {
                        "name": "exs-euw-udr-u-feiaas-to-brh-euw-snt-p-hub-shir",
                        "properties": {
                            "addressPrefix": "10.45.5.0/27",
                            "nextHopType": "VirtualAppliance",
                            "nextHopIpAddress": "10.45.0.52"
                        }
                    }
                ]

            }
        },
        {
            "name": "[concat(variables('UatvirtualNetworkName'),'/',variables('SubnetFepass'))]",
            "type": "Microsoft.Network/virtualNetworks/subnets",
            "apiVersion": "2018-10-01",
            "location": "West Europe",
            "properties": {
                "addressPrefix": "10.59.2.0/24",
                "routeTable": {
                    "id": "[resourceId('Microsoft.Network/routeTables',variables('Uatroutetable5'))]"
                },
                "networkSecurityGroup": {
                    "id": "[resourceId('Microsoft.Network/networkSecurityGroups',variables('nsgFepass'))]"
                },
                "serviceEndpoints": [
                    {
                        "service": "microsoft.keyvault"
                    },
                    {
                        "service": "microsoft.storage"
                    }

                ]
            }
        },
        {
            "name": "[variables('Uatroutetable5')]",
            "type": "Microsoft.Network/routeTables",
            "location": "West Europe",
            "apiVersion": "2019-11-01",
            "properties": {
                "disableBgpRoutePropagation": true,
                "routes": [
                    {
                        "name": "exs-euw-udr-u-fepaas-to-brh-euw-snt-p-hub-infra",
                        "properties": {
                            "addressPrefix": "10.45.0.128/26",
                            "nextHopType": "VirtualAppliance",
                            "nextHopIpAddress": "10.45.0.52"
                        }
                    },
                    {
                        "name": "exs-euw-udr-u-fepaas-to-brh-euw-snt-p-hub-mgmt",
                        "properties": {
                            "addressPrefix": "10.45.2.0/24",
                            "nextHopType": "VirtualAppliance",
                            "nextHopIpAddress": "10.45.0.52"
                        }
                    },
                    {
                        "name": "exs-euw-udr-u-fepaas-to-exs-euw-vnt-d-01",
                        "properties": {
                            "addressPrefix": "10.56.0.0/16",
                            "nextHopType": "VirtualAppliance",
                            "nextHopIpAddress": "10.45.0.52"
                        }
                    },
                    {
                        "name": "exs-euw-udr-u-fepaas-to-exs-euw-vnt-t-01",
                        "properties": {
                            "addressPrefix": "10.58.0.0/16",
                            "nextHopType": "VirtualAppliance",
                            "nextHopIpAddress": "10.45.0.52"
                        }
                    },
                    {
                        "name": "exs-euw-udr-u-fepaas-to-exs-euw-vnt-p-01",
                        "properties": {
                            "addressPrefix": "10.55.0.0/16",
                            "nextHopType": "VirtualAppliance",
                            "nextHopIpAddress": "10.45.0.52"
                        }
                    },
                    {
                        "name": "exs-euw-udr-u-fepaas-to-internet",
                        "properties": {
                            "addressPrefix": "0.0.0.0/0",
                            "nextHopType": "VirtualAppliance",
                            "nextHopIpAddress": "10.45.0.20"
                        }
                    },
                    {
                        "name": "exs-euw-udr-u-fepaas-to-brh-euw-snt-p-hub-jp-mgmt",
                        "properties": {
                            "addressPrefix": "10.45.0.64/28",
                            "nextHopType": "None"
                        }
                    },
                    {
                        "name": "exs-euw-udr-u-fepaas-to-brh-euw-snt-p-hub-cp-ext",
                        "properties": {
                            "addressPrefix": "10.45.0.0/28",
                            "nextHopType": "None"
                        }
                    },
                    {
                        "name": "exs-euw-udr-u-fepaas-to-brh-euw-udr-p-hub-gw",
                        "properties": {
                            "addressPrefix": "10.45.0.96/27",
                            "nextHopType": "None"
                        }

                    },
                    {
                        "name": "exs-euw-udr-u-fepaas-to-onpremise",
                        "properties": {
                            "addressPrefix": "10.0.0.0/8",
                            "nextHopType": "VirtualAppliance",
                            "nextHopIpAddress": "10.45.0.52"
                        }
                    },
                    {
                        "name": "exs-euw-udr-u-fepaas-to-onpremise1",
                        "properties": {
                            "addressPrefix": "155.73.0.0/16",
                            "nextHopType": "VirtualAppliance",
                            "nextHopIpAddress": "10.45.0.52"
                        }


                    },
                    {
                        "name": "exs-euw-udr-u-fepaas-to-brh-euw-snt-p-hub-img",
                        "properties": {
                            "addressPrefix": "10.45.4.0/28",
                            "nextHopType": "VirtualAppliance",
                            "nextHopIpAddress": "10.45.0.52"
                        }
                    },
                    {
                        "name": "exs-euw-udr-u-fepaas-to-brh-euw-snt-p-hub-shir",
                        "properties": {
                            "addressPrefix": "10.45.5.0/27",
                            "nextHopType": "VirtualAppliance",
                            "nextHopIpAddress": "10.45.0.52"
                        }
                    }
                ]

            }
        },
        {
            "name": "[concat(variables('UatvirtualNetworkName'),'/',variables('Subnetrpa'))]",
            "type": "Microsoft.Network/virtualNetworks/subnets",
            "apiVersion": "2018-10-01",
            "location": "West Europe",
            "properties": {
                "addressPrefix": "10.59.5.0/24",
                "routeTable": {
                    "id": "[resourceId('Microsoft.Network/routeTables',variables('Uatroutetable6'))]"
                },
                "networkSecurityGroup": {
                    "id": "[resourceId('Microsoft.Network/networkSecurityGroups',variables('nsgrpa'))]"
                },
                "serviceEndpoints": [
                    {
                        "service": "microsoft.keyvault"
                    },
                    {
                        "service": "microsoft.storage"
                    }

                ]
            }
        },
        {
            "name": "[variables('Uatroutetable6')]",
            "type": "Microsoft.Network/routeTables",
            "location": "West Europe",
            "apiVersion": "2019-11-01",
            "properties": {
                "disableBgpRoutePropagation": true,
                "routes": [
                    {
                        "name": "exs-euw-udr-u-rpa-to-brh-euw-snt-p-hub-infra",
                        "properties": {
                            "addressPrefix": "10.45.0.128/26",
                            "nextHopType": "VirtualAppliance",
                            "nextHopIpAddress": "10.45.0.52"
                        }
                    },
                    {
                        "name": "exs-euw-udr-u-rpa-to-brh-euw-snt-p-hub-mgmt",
                        "properties": {
                            "addressPrefix": "10.45.2.0/24",
                            "nextHopType": "VirtualAppliance",
                            "nextHopIpAddress": "10.45.0.52"
                        }
                    },
                    {
                        "name": "exs-euw-udr-u-rpa-to-exs-euw-vnt-d-01",
                        "properties": {
                            "addressPrefix": "10.56.0.0/16",
                            "nextHopType": "VirtualAppliance",
                            "nextHopIpAddress": "10.45.0.52"
                        }
                    },
                    {
                        "name": "exs-euw-udr-u-rpa-to-exs-euw-vnt-t-01",
                        "properties": {
                            "addressPrefix": "10.58.0.0/16",
                            "nextHopType": "VirtualAppliance",
                            "nextHopIpAddress": "10.45.0.52"
                        }
                    },
                    {
                        "name": "exs-euw-udr-u-rpa-to-exs-euw-vnt-p-01",
                        "properties": {
                            "addressPrefix": "10.55.0.0/16",
                            "nextHopType": "VirtualAppliance",
                            "nextHopIpAddress": "10.45.0.52"
                        }
                    },
                    {
                        "name": "exs-euw-udr-u-rpa-to-internet",
                        "properties": {
                            "addressPrefix": "0.0.0.0/0",
                            "nextHopType": "VirtualAppliance",
                            "nextHopIpAddress": "10.45.0.20"
                        }
                    },
                    {
                        "name": "exs-euw-udr-u-rpa-to-brh-euw-snt-p-hub-jp-mgmt",
                        "properties": {
                            "addressPrefix": "10.45.0.64/28",
                            "nextHopType": "None"
                        }
                    },
                    {
                        "name": "exs-euw-udr-u-rpa-to-brh-euw-snt-p-hub-cp-ext",
                        "properties": {
                            "addressPrefix": "10.45.0.0/28",
                            "nextHopType": "None"
                        }
                    },
                    {
                        "name": "exs-euw-udr-u-rpa-to-brh-euw-udr-p-hub-gw",
                        "properties": {
                            "addressPrefix": "10.45.0.96/27",
                            "nextHopType": "None"
                        }

                    },
                    {
                        "name": "exs-euw-udr-u-rpa-to-rpa-dwf-blueprism",
                        "properties": {
                            "addressPrefix": "10.60.0.0/24",
                            "nextHopType": "VirtualAppliance",
                            "nextHopIpAddress": "10.45.0.52"
                        }

                    },
                    {
                        "name": "exs-euw-udr-u-rpa-to-trn-hub-vm-nva",
                        "properties": {
                            "addressPrefix": "10.53.1.0/24",
                            "nextHopType": "VirtualAppliance",
                            "nextHopIpAddress": "10.45.0.52"
                        }

                    },
                    {
                        "name": "exs-euw-udr-u-rpa-to-onpremise",
                        "properties": {
                            "addressPrefix": "10.0.0.0/8",
                            "nextHopType": "VirtualAppliance",
                            "nextHopIpAddress": "10.45.0.52"
                        }
                    },
                    {
                        "name": "exs-euw-udr-u-rpa-to-onpremise1",
                        "properties": {
                            "addressPrefix": "155.73.0.0/16",
                            "nextHopType": "VirtualAppliance",
                            "nextHopIpAddress": "10.45.0.52"
                        }
                    },
                    {
                        "name": "exs-euw-udr-u-rpa-to-dwf-chocolately",
                        "properties": {
                            "addressPrefix": "10.3.2.5/32",
                            "nextHopType": "VirtualAppliance",
                            "nextHopIpAddress": "10.45.0.52"
                        }

                    },
                    {
                        "name": "exs-euw-udr-u-rpa-to-dwf-oms",
                        "properties": {
                            "addressPrefix": "10.3.3.4/32",
                            "nextHopType": "VirtualAppliance",
                            "nextHopIpAddress": "10.45.0.52"
                        }

                    },
                    {
                        "name": "exs-euw-udr-u-rpa-to-dwf-backend",
                        "properties": {
                            "addressPrefix": "10.3.2.11/32",
                            "nextHopType": "VirtualAppliance",
                            "nextHopIpAddress": "10.45.0.52"

                        }
                    },
                    {
                        "name": "exs-euw-udr-u-rpa-to-dwf-sap",
                        "properties": {
                            "addressPrefix": "10.5.6.4/32",
                            "nextHopType": "VirtualAppliance",
                            "nextHopIpAddress": "10.45.0.52"

                        }
                    },
                    {
                        "name": "exs-euw-udr-u-rpa-to-dwf-backend-ic",
                        "properties": {
                            "addressPrefix": "10.100.100.0/24",
                            "nextHopType": "VirtualAppliance",
                            "nextHopIpAddress": "10.45.0.52"

                        }
                    },
                    {
                        "name": "exs-euw-udr-u-rpa-to-brh-euw-snt-p-hub-img",
                        "properties": {
                            "addressPrefix": "10.45.4.0/28",
                            "nextHopType": "VirtualAppliance",
                            "nextHopIpAddress": "10.45.0.52"
                        }
                    },
                    {
                        "name": "exs-euw-udr-u-rpa-to-brh-euw-snt-p-hub-shir",
                        "properties": {
                            "addressPrefix": "10.45.5.0/27",
                            "nextHopType": "VirtualAppliance",
                            "nextHopIpAddress": "10.45.0.52"
                        }
                    }
                ]

            }
        }

    ],
    "outputs": {}
}