{
    "$schema": "https://schema.management.azure.com/schemas/2019-04-01/deploymentTemplate.json#",
    "contentVersion": "1.0.0.0",
    "parameters": {},
    "functions": [],
    "variables": {
        "approutetable": "brs-euw-udr-u-app",
        "dbiaasroutetable": "brs-euw-udr-u-dbiaas",
        "dbpaasroutetable": "brs-euw-udr-u-dbpaas",
        "feiaasroutetable": "brs-euw-udr-u-feiaas",
        "fepaasroutetable": "brs-euw-udr-u-fepaas",
        "aksroutetable": "brs-euw-udr-u-aks",
        "SubnetApp": "brs-euw-snt-u-app",
        "SubnetFeiaas": "brs-euw-snt-u-feiaas",
        "SubnetFepass": "brs-euw-snt-u-fepaas",
        "SubnetDbiaas": "brs-euw-snt-u-dbiaas",
        "SubnetDbpaas": "brs-euw-snt-u-dbpaas",
        "Subnetaks": "brs-euw-snt-u-aks",
        "nsgsubnetapp": "brs-euw-nsg-u-app",
        "nsgsubnetFeiaas": "brs-euw-nsg-u-dbiaas",
        "nsgsubnetFepaas": "brs-euw-nsg-u-dbpaas",
        "nsgsubnetDbiaas": "brs-euw-nsg-u-feiaas",
        "nsgsubnetdbpaas": "brs-euw-nsg-u-fepaas",
        "nsgsubnetaks": "brs-euw-nsg-u-aks",
        "brstestvirtualnetwork": "brs-euw-vnt-u-01"
    },
    "resources": [
        {
            "name": "[concat(variables('brstestvirtualnetwork'),'/',variables('SubnetApp'))]",
            "type": "Microsoft.Network/virtualNetworks/subnets",
            "apiVersion": "2018-10-01",
            "location": "West Europe",
            "properties": {
                "addressPrefix": "10.52.1.0/24",
                "routeTable": {
                    "id": "[resourceId('Microsoft.Network/routeTables',variables('approutetable'))]"
                },
                "networkSecurityGroup": {
                    "id": "[resourceId('Microsoft.Network/networkSecurityGroups',variables('nsgsubnetapp'))]"
                },
                "serviceEndpoints": [

                ]

            }
        },
        {
            "name": "[variables('approutetable')]",
            "type": "Microsoft.Network/routeTables",
            "location": "West Europe",
            "apiVersion": "2019-11-01",
            "dependsOn": [
                "[resourceId('Microsoft.Network/virtualNetworks/subnets', variables('brstestvirtualnetwork'), variables('subnetapp'))]"
            ],
            "properties": {
                "disableBgpRoutePropagation": true,
                "routes": [
                    {
                        "name": "brs-euw-udr-u-app-to-brh-euw-snt-p-hub-infra",
                        "properties": {
                            "addressPrefix": "10.45.0.128/26",
                            "nextHopType": "VirtualAppliance",
                            "nextHopIpAddress": "10.45.0.52"
                        }
                    },
                    {
                        "name": "brs-euw-udr-u-app-to-brh-euw-snt-p-hub-mgmt",
                        "properties": {
                            "addressPrefix": "10.45.2.0/24",
                            "nextHopType": "VirtualAppliance",
                            "nextHopIpAddress": "10.45.0.52"
                        }
                    },
                    {
                        "name": "brs-euw-udr-u-app-to-brs-euw-vnt-p-01",
                        "properties": {
                            "addressPrefix": "10.46.0.0/16",
                            "nextHopType": "VirtualAppliance",
                            "nextHopIpAddress": "10.45.0.52"
                        }
                    },
                    {
                        "name": "brs-euw-udr-u-app-to-brs-euw-vnt-d-01",
                        "properties": {
                            "addressPrefix": "10.49.0.0/16",
                            "nextHopType": "VirtualAppliance",
                            "nextHopIpAddress": "10.45.0.52"
                        }
                    },
                    {
                        "name": "brs-euw-udr-u-app-to-brs-euw-vnt-t-01",
                        "properties": {
                            "addressPrefix": "10.48.0.0/16",
                            "nextHopType": "VirtualAppliance",
                            "nextHopIpAddress": "10.45.0.52"
                        }
                    },
                    {
                        "name": "brs-euw-udr-u-app-to-onpremise",
                        "properties": {
                            "addressPrefix": "10.0.0.0/8",
                            "nextHopType": "VirtualAppliance",
                            "nextHopIpAddress": "10.45.0.52"
                        }
                    },
                    {
                        "name": "brs-euw-udr-u-app-to-internet",
                        "properties": {
                            "addressPrefix": "0.0.0.0/0",
                            "nextHopType": "VirtualAppliance",
                            "nextHopIpAddress": "10.45.0.20"
                        }
                    },
                    {
                        "name": "brs-euw-udr-u-app-to-brh-euw-snt-p-hub-jp-mgmt",
                        "properties": {
                            "addressPrefix": "10.45.0.64/28",
                            "nextHopType": "None"
                        }
                    },
                    {
                        "name": "brs-euw-udr-u-app-to-brh-euw-snt-p-hub-cp-ext",
                        "properties": {
                            "addressPrefix": "10.45.0.0/28",
                            "nextHopType": "None"
                        }
                    },
                    {
                        "name": "brs-euw-udr-u-app-to-brh-euw-udr-p-hub-gw",
                        "properties": {
                            "addressPrefix": "10.45.0.96/27",
                            "nextHopType": "None"
                        }
                    },
                    {
                        "name": "brs-euw-udr-u-app-to-brh-euw-snt-p-hub-img",
                        "properties": {
                            "addressPrefix": "10.45.4.0/28",
                            "nextHopType": "VirtualAppliance",
                            "nextHopIpAddress": "10.45.0.52"
                        }
                    },
                    {
                        "name": "brs-euw-udr-u-app-to-brh-euw-snt-p-hub-shir",
                        "properties": {
                            "addressPrefix": "10.45.5.0/27",
                            "nextHopType": "VirtualAppliance",
                            "nextHopIpAddress": "10.45.0.52"
                        }
                    }
                ]
            }
        },
        {
            "name": "[concat(variables('brstestvirtualnetwork'),'/',variables('SubnetDbiaas'))]",
            "type": "Microsoft.Network/virtualNetworks/subnets",
            "apiVersion": "2018-10-01",
            "location": "West Europe",
            "dependsOn": [
                "[resourceId('Microsoft.Network/virtualNetworks/subnets', variables('brstestvirtualnetwork'), variables('subnetapp'))]"
            ],
            "properties": {
                "addressPrefix": "10.52.3.0/24",
                "routeTable": {
                    "id": "[resourceId('Microsoft.Network/routeTables',variables('dbiaasroutetable'))]"
                },
                "networkSecurityGroup": {
                    "id": "[resourceId('Microsoft.Network/networkSecurityGroups',variables('nsgsubnetDbiaas'))]"
                },
                "serviceEndpoints": [

                ]

            }
        },
        {
            "name": "[variables('dbiaasroutetable')]",
            "type": "Microsoft.Network/routeTables",
            "location": "West Europe",
            "apiVersion": "2019-11-01",
            "dependsOn": [
                "[resourceId('Microsoft.Network/routeTables', variables('approutetable'))]"
            ],

            "properties": {
                "disableBgpRoutePropagation": true,
                "routes": [
                    {
                        "name": "brs-euw-udr-u-dbiaas-to-brh-euw-snt-p-hub-infra",
                        "properties": {
                            "addressPrefix": "10.45.0.128/26",
                            "nextHopType": "VirtualAppliance",
                            "nextHopIpAddress": "10.45.0.52"
                        }
                    },
                    {
                        "name": "brs-euw-udr-u-dbiaas-to-brh-euw-snt-p-hub-mgmt",
                        "properties": {
                            "addressPrefix": "10.45.2.0/24",
                            "nextHopType": "VirtualAppliance",
                            "nextHopIpAddress": "10.45.0.52"
                        }
                    },
                    {
                        "name": "brs-euw-udr-u-dbiaas-to-brs-euw-vnt-p-01",
                        "properties": {
                            "addressPrefix": "10.46.0.0/16",
                            "nextHopType": "VirtualAppliance",
                            "nextHopIpAddress": "10.45.0.52"
                        }
                    },
                    {
                        "name": "brs-euw-udr-u-dbiaas-to-brs-euw-vnt-d-01",
                        "properties": {
                            "addressPrefix": "10.49.0.0/16",
                            "nextHopType": "VirtualAppliance",
                            "nextHopIpAddress": "10.45.0.52"
                        }
                    },
                    {
                        "name": "brs-euw-udr-u-dbiaas-to-brs-euw-vnt-t-01",
                        "properties": {
                            "addressPrefix": "10.48.0.0/16",
                            "nextHopType": "VirtualAppliance",
                            "nextHopIpAddress": "10.45.0.52"
                        }
                    },
                    {
                        "name": "brs-euw-udr-u-dbiaas-to-onpremise",
                        "properties": {
                            "addressPrefix": "10.0.0.0/8",
                            "nextHopType": "VirtualAppliance",
                            "nextHopIpAddress": "10.45.0.52"
                        }
                    },
                    {
                        "name": "brs-euw-udr-u-dbiaas-to-internet",
                        "properties": {
                            "addressPrefix": "0.0.0.0/0",
                            "nextHopType": "VirtualAppliance",
                            "nextHopIpAddress": "10.45.0.20"
                        }
                    },
                    {
                        "name": "brs-euw-udr-u-dbiaas-to-brh-euw-snt-p-hub-jp-mgmt",
                        "properties": {
                            "addressPrefix": "10.45.0.64/28",
                            "nextHopType": "None"
                        }
                    },
                    {
                        "name": "brs-euw-udr-u-dbiaas-to-brh-euw-snt-p-hub-cp-ext",
                        "properties": {
                            "addressPrefix": "10.45.0.0/28",
                            "nextHopType": "None"
                        }
                    },
                    {
                        "name": "brs-euw-udr-u-dbiaas-to-brh-euw-udr-p-hub-gw",
                        "properties": {
                            "addressPrefix": "10.45.0.96/27",
                            "nextHopType": "None"
                        }
                    },
                    {
                        "name": "brs-euw-udr-u-dbiaas-to-brh-euw-snt-p-hub-img",
                        "properties": {
                            "addressPrefix": "10.45.4.0/28",
                            "nextHopType": "VirtualAppliance",
                            "nextHopIpAddress": "10.45.0.52"
                        }
                    },
                    {
                        "name": "brs-euw-udr-u-dbiaas-to-brh-euw-snt-p-hub-shir",
                        "properties": {
                            "addressPrefix": "10.45.5.0/27",
                            "nextHopType": "VirtualAppliance",
                            "nextHopIpAddress": "10.45.0.52"
                        }
                    }
                ]

            }
        },
        {
            "name": "[concat(variables('brstestvirtualnetwork'),'/',variables('SubnetDbpaas'))]",
            "type": "Microsoft.Network/virtualNetworks/subnets",
            "apiVersion": "2018-10-01",
            "location": "West Europe",
            "dependsOn": [
                "[resourceId('Microsoft.Network/virtualNetworks/subnets', variables('brstestvirtualnetwork'), variables('SubnetDbiaas'))]"
            ],
            "properties": {
                "addressPrefix": "10.52.4.0/24",
                "routeTable": {
                    "id": "[resourceId('Microsoft.Network/routeTables',variables('dbpaasroutetable'))]"
                },
                "networkSecurityGroup": {
                    "id": "[resourceId('Microsoft.Network/networkSecurityGroups',variables('nsgsubnetdbpaas'))]"
                },
                "serviceEndpoints": [

                ]

            }
        },
        {
            "name": "[variables('dbpaasroutetable')]",
            "type": "Microsoft.Network/routeTables",
            "location": "West Europe",
            "apiVersion": "2019-11-01",
            "dependsOn": [
                "[resourceId('Microsoft.Network/routeTables', variables('dbiaasroutetable'))]"
            ],
            "properties": {
                "disableBgpRoutePropagation": true,
                "routes": [
                    {
                        "name": "brs-euw-udr-u-dbpaas-to-brh-euw-snt-p-hub-infra",
                        "properties": {
                            "addressPrefix": "10.45.0.128/26",
                            "nextHopType": "VirtualAppliance",
                            "nextHopIpAddress": "10.45.0.52"
                        }
                    },
                    {
                        "name": "brs-euw-udr-u-dbpaas-to-brh-euw-snt-p-hub-mgmt",
                        "properties": {
                            "addressPrefix": "10.45.2.0/24",
                            "nextHopType": "VirtualAppliance",
                            "nextHopIpAddress": "10.45.0.52"
                        }
                    },
                    {
                        "name": "brs-euw-udr-u-dbpaas-to-brs-euw-vnt-p-01",
                        "properties": {
                            "addressPrefix": "10.46.0.0/16",
                            "nextHopType": "VirtualAppliance",
                            "nextHopIpAddress": "10.45.0.52"
                        }
                    },
                    {
                        "name": "brs-euw-udr-u-dbpaas-to-brs-euw-vnt-d-01",
                        "properties": {
                            "addressPrefix": "10.49.0.0/16",
                            "nextHopType": "VirtualAppliance",
                            "nextHopIpAddress": "10.45.0.52"
                        }
                    },
                    {
                        "name": "brs-euw-udr-u-dbpaas-to-brs-euw-vnt-t-01",
                        "properties": {
                            "addressPrefix": "10.48.0.0/16",
                            "nextHopType": "VirtualAppliance",
                            "nextHopIpAddress": "10.45.0.52"
                        }
                    },
                    {
                        "name": "brs-euw-udr-u-dbpaas-to-onpremise",
                        "properties": {
                            "addressPrefix": "10.0.0.0/8",
                            "nextHopType": "VirtualAppliance",
                            "nextHopIpAddress": "10.45.0.52"
                        }
                    },
                    {
                        "name": "brs-euw-udr-u-dbpaas-to-internet",
                        "properties": {
                            "addressPrefix": "0.0.0.0/0",
                            "nextHopType": "VirtualAppliance",
                            "nextHopIpAddress": "10.45.0.20"
                        }
                    },
                    {
                        "name": "brs-euw-udr-u-dbpaas-to-brh-euw-snt-p-hub-jp-mgmt",
                        "properties": {
                            "addressPrefix": "10.45.0.64/28",
                            "nextHopType": "None"
                        }
                    },
                    {
                        "name": "brs-euw-udr-u-dbpaas-to-brh-euw-snt-p-hub-cp-ext",
                        "properties": {
                            "addressPrefix": "10.45.0.0/28",
                            "nextHopType": "None"
                        }
                    },
                    {
                        "name": "brs-euw-udr-u-dbpaas-to-brh-euw-udr-p-hub-gw",
                        "properties": {
                            "addressPrefix": "10.45.0.96/27",
                            "nextHopType": "None"
                        }
                    },
                    {
                        "name": "brs-euw-udr-u-dbpaas-to-brh-euw-snt-p-hub-img",
                        "properties": {
                            "addressPrefix": "10.45.4.0/28",
                            "nextHopType": "VirtualAppliance",
                            "nextHopIpAddress": "10.45.0.52"
                        }
                    },
                    {
                        "name": "brs-euw-udr-u-dbpaas-to-brh-euw-snt-p-hub-shir",
                        "properties": {
                            "addressPrefix": "10.45.5.0/27",
                            "nextHopType": "VirtualAppliance",
                            "nextHopIpAddress": "10.45.0.52"
                        }
                    }
                ]

            }
        },
        {
            "name": "[concat(variables('brstestvirtualnetwork'),'/',variables('SubnetFeiaas'))]",
            "type": "Microsoft.Network/virtualNetworks/subnets",
            "apiVersion": "2018-10-01",
            "location": "West Europe",
            "dependsOn": [
                "[resourceId('Microsoft.Network/virtualNetworks/subnets', variables('brstestvirtualnetwork'), variables('SubnetDbpaas'))]"
            ],
            "properties": {
                "addressPrefix": "10.52.0.0/24",
                "routeTable": {
                    "id": "[resourceId('Microsoft.Network/routeTables',variables('feiaasroutetable'))]"
                },
                "networkSecurityGroup": {
                    "id": "[resourceId('Microsoft.Network/networkSecurityGroups',variables('nsgsubnetFeiaas'))]"
                },
                "serviceEndpoints": [

                ]

            }
        },
        {
            "name": "[variables('feiaasroutetable')]",
            "type": "Microsoft.Network/routeTables",
            "location": "West Europe",
            "apiVersion": "2019-11-01",
            "dependsOn": [
                "[resourceId('Microsoft.Network/routeTables', variables('dbpaasroutetable'))]"
            ],
            "properties": {
                "disableBgpRoutePropagation": true,
                "routes": [
                    {
                        "name": "brs-euw-udr-u-feiaas-to-brh-euw-snt-p-hub-infra",
                        "properties": {
                            "addressPrefix": "10.45.0.128/26",
                            "nextHopType": "VirtualAppliance",
                            "nextHopIpAddress": "10.45.0.52"
                        }
                    },
                    {
                        "name": "brs-euw-udr-u-feiaas-to-brh-euw-snt-p-hub-mgmt",
                        "properties": {
                            "addressPrefix": "10.45.2.0/24",
                            "nextHopType": "VirtualAppliance",
                            "nextHopIpAddress": "10.45.0.52"
                        }
                    },
                    {
                        "name": "brs-euw-udr-u-feiaas-to-brs-euw-vnt-p-01",
                        "properties": {
                            "addressPrefix": "10.46.0.0/16",
                            "nextHopType": "VirtualAppliance",
                            "nextHopIpAddress": "10.45.0.52"
                        }
                    },
                    {
                        "name": "brs-euw-udr-u-feiaas-to-brs-euw-vnt-d-01",
                        "properties": {
                            "addressPrefix": "10.49.0.0/16",
                            "nextHopType": "VirtualAppliance",
                            "nextHopIpAddress": "10.45.0.52"
                        }
                    },
                    {
                        "name": "brs-euw-udr-u-feiaas-to-brs-euw-vnt-t-01",
                        "properties": {
                            "addressPrefix": "10.48.0.0/16",
                            "nextHopType": "VirtualAppliance",
                            "nextHopIpAddress": "10.45.0.52"
                        }
                    },
                    {
                        "name": "brs-euw-udr-u-feiaas-to-onpremise",
                        "properties": {
                            "addressPrefix": "10.0.0.0/8",
                            "nextHopType": "VirtualAppliance",
                            "nextHopIpAddress": "10.45.0.52"
                        }
                    },
                    {
                        "name": "brs-euw-udr-u-feiaas-to-internet",
                        "properties": {
                            "addressPrefix": "0.0.0.0/0",
                            "nextHopType": "VirtualAppliance",
                            "nextHopIpAddress": "10.45.0.20"
                        }
                    },
                    {
                        "name": "brs-euw-udr-u-feiaas-to-brh-euw-snt-p-hub-jp-mgmt",
                        "properties": {
                            "addressPrefix": "10.45.0.64/28",
                            "nextHopType": "None"
                        }
                    },
                    {
                        "name": "brs-euw-udr-u-feiaas-to-brh-euw-snt-p-hub-cp-ext",
                        "properties": {
                            "addressPrefix": "10.45.0.0/28",
                            "nextHopType": "None"
                        }
                    },
                    {
                        "name": "brs-euw-udr-u-feiaas-to-brh-euw-udr-p-hub-gw",
                        "properties": {
                            "addressPrefix": "10.45.0.96/27",
                            "nextHopType": "None"
                        }
                    },
                    {
                        "name": "brs-euw-udr-u-feiaas-to-brh-euw-snt-p-hub-img",
                        "properties": {
                            "addressPrefix": "10.45.4.0/28",
                            "nextHopType": "VirtualAppliance",
                            "nextHopIpAddress": "10.45.0.52"
                        }
                    },
                    {
                        "name": "brs-euw-udr-u-feiaas-to-brh-euw-snt-p-hub-shir",
                        "properties": {
                            "addressPrefix": "10.45.5.0/27",
                            "nextHopType": "VirtualAppliance",
                            "nextHopIpAddress": "10.45.0.52"
                        }
                    }
                ]

            }
        },
        {
            "name": "[concat(variables('brstestvirtualnetwork'),'/',variables('SubnetFepass'))]",
            "type": "Microsoft.Network/virtualNetworks/subnets",
            "apiVersion": "2018-10-01",
            "location": "West Europe",
            "dependsOn": [
                "[resourceId('Microsoft.Network/virtualNetworks/subnets', variables('brstestvirtualnetwork'), variables('SubnetFeiaas'))]"
            ],
            "properties": {
                "addressPrefix": "10.52.2.0/24",
                "routeTable": {
                    "id": "[resourceId('Microsoft.Network/routeTables',variables('fepaasroutetable'))]"
                },
                "networkSecurityGroup": {
                    "id": "[resourceId('Microsoft.Network/networkSecurityGroups',variables('nsgsubnetFepaas'))]"
                },
                "serviceEndpoints": [

                ]

            }
        },
        {
            "name": "[variables('fepaasroutetable')]",
            "type": "Microsoft.Network/routeTables",
            "location": "West Europe",
            "apiVersion": "2019-11-01",
            "dependsOn": [
                "[resourceId('Microsoft.Network/routeTables', variables('feiaasroutetable'))]"
            ],
            "properties": {
                "disableBgpRoutePropagation": true,
                "routes": [
                    {
                        "name": "brs-euw-udr-u-fepaas-to-brh-euw-snt-p-hub-infra",
                        "properties": {
                            "addressPrefix": "10.45.0.128/26",
                            "nextHopType": "VirtualAppliance",
                            "nextHopIpAddress": "10.45.0.52"
                        }
                    },
                    {
                        "name": "brs-euw-udr-u-fepaas-to-brh-euw-snt-p-hub-mgmt",
                        "properties": {
                            "addressPrefix": "10.45.2.0/24",
                            "nextHopType": "VirtualAppliance",
                            "nextHopIpAddress": "10.45.0.52"
                        }
                    },
                    {
                        "name": "brs-euw-udr-u-fepaas-to-brs-euw-vnt-p-01",
                        "properties": {
                            "addressPrefix": "10.46.0.0/16",
                            "nextHopType": "VirtualAppliance",
                            "nextHopIpAddress": "10.45.0.52"
                        }
                    },
                    {
                        "name": "brs-euw-udr-u-fepaas-to-brs-euw-vnt-d-01",
                        "properties": {
                            "addressPrefix": "10.49.0.0/16",
                            "nextHopType": "VirtualAppliance",
                            "nextHopIpAddress": "10.45.0.52"
                        }
                    },
                    {
                        "name": "brs-euw-udr-u-fepaas-to-brs-euw-vnt-t-01",
                        "properties": {
                            "addressPrefix": "10.48.0.0/16",
                            "nextHopType": "VirtualAppliance",
                            "nextHopIpAddress": "10.45.0.52"
                        }
                    },
                    {
                        "name": "brs-euw-udr-u-fepaas-to-onpremise",
                        "properties": {
                            "addressPrefix": "10.0.0.0/8",
                            "nextHopType": "VirtualAppliance",
                            "nextHopIpAddress": "10.45.0.52"
                        }
                    },
                    {
                        "name": "brs-euw-udr-u-fepaas-to-internet",
                        "properties": {
                            "addressPrefix": "0.0.0.0/0",
                            "nextHopType": "VirtualAppliance",
                            "nextHopIpAddress": "10.45.0.20"
                        }
                    },
                    {
                        "name": "brs-euw-udr-u-fepaas-to-brh-euw-snt-p-hub-jp-mgmt",
                        "properties": {
                            "addressPrefix": "10.45.0.64/28",
                            "nextHopType": "None"
                        }
                    },
                    {
                        "name": "brs-euw-udr-u-fepaas-to-brh-euw-snt-p-hub-cp-ext",
                        "properties": {
                            "addressPrefix": "10.45.0.0/28",
                            "nextHopType": "None"
                        }
                    },
                    {
                        "name": "brs-euw-udr-u-fepaas-to-brh-euw-udr-p-hub-gw",
                        "properties": {
                            "addressPrefix": "10.45.0.96/27",
                            "nextHopType": "None"
                        }
                    },
                    {
                        "name": "brs-euw-udr-u-fepaas-to-brh-euw-snt-p-hub-img",
                        "properties": {
                            "addressPrefix": "10.45.4.0/28",
                            "nextHopType": "VirtualAppliance",
                            "nextHopIpAddress": "10.45.0.52"
                        }
                    },
                    {
                        "name": "brs-euw-udr-u-fepaas-to-brh-euw-snt-p-hub-shir",
                        "properties": {
                            "addressPrefix": "10.45.5.0/27",
                            "nextHopType": "VirtualAppliance",
                            "nextHopIpAddress": "10.45.0.52"
                        }
                    }
                ]

            }
        },
        {
            "name": "[concat(variables('brstestvirtualnetwork'),'/',variables('Subnetaks'))]",
            "type": "Microsoft.Network/virtualNetworks/subnets",
            "apiVersion": "2018-10-01",
            "location": "West Europe",
            "dependsOn": [
                "[resourceId('Microsoft.Network/virtualNetworks/subnets', variables('brstestvirtualnetwork'), variables('SubnetFepass'))]"
            ],
            "properties": {
                "addressPrefix": "10.52.8.0/22",
                "routeTable": {
                    "id": "[resourceId('Microsoft.Network/routeTables',variables('aksroutetable'))]"
                },
                  "networkSecurityGroup": {
                    "id": "[resourceId('Microsoft.Network/networkSecurityGroups',variables('nsgsubnetaks'))]"
                },
                "serviceEndpoints": [

                    {
                        "service": "microsoft.keyvault"
                    }

                ]
            }
        },
        {
            "name": "[variables('aksroutetable')]",
            "type": "Microsoft.Network/routeTables",
            "location": "West Europe",
            "apiVersion": "2019-11-01",
            "dependsOn": [
                "[resourceId('Microsoft.Network/routeTables', variables('fepaasroutetable'))]"
            ],
            "properties": {
                "disableBgpRoutePropagation": true,
                "routes": [
                    {
                        "name": "brs-euw-udr-u-aks-to-brh-euw-snt-p-hub-infra",
                        "properties": {
                            "addressPrefix": "10.45.0.128/26",
                            "nextHopType": "VirtualAppliance",
                            "nextHopIpAddress": "10.45.0.52"
                        }
                    },
                    {
                        "name": "brs-euw-udr-u-aks-to-brh-euw-snt-p-hub-mgmt",
                        "properties": {
                            "addressPrefix": "10.45.2.0/24",
                            "nextHopType": "VirtualAppliance",
                            "nextHopIpAddress": "10.45.0.52"
                        }
                    },
                    {
                        "name": "brs-euw-udr-u-aks-to-brh-euw-snt-p-hub-jp-mgmt",
                        "properties": {
                            "addressPrefix": "10.45.0.64/28",
                            "nextHopType": "None"
                        }
                    },
                    {
                        "name": "brs-euw-udr-u-aks-to-brh-euw-snt-p-hub-cp-ext",
                        "properties": {
                            "addressPrefix": "10.45.0.0/28",
                            "nextHopType": "None"
                        }
                    },
                    {
                        "name": "brs-euw-udr-u-aks-to-internet",
                        "properties": {
                            "addressPrefix": "0.0.0.0/0",
                            "nextHopType": "VirtualAppliance",
                            "nextHopIpAddress": "10.45.0.20"
                        }
                    },
                    {
                        "name": "brs-euw-udr-u-aks-to-brh-euw-udr-p-hub-gw",
                        "properties": {
                            "addressPrefix": "10.45.0.96/27",
                            "nextHopType": "None"
                        }
                    },
                    {
                        "name": "brs-euw-udr-u-aks-to-brh-euw-snt-p-hub-img",
                        "properties": {
                            "addressPrefix": "10.45.4.0/28",
                            "nextHopType": "VirtualAppliance",
                            "nextHopIpAddress": "10.45.0.52"
                        }
                    },
                    {
                        "name": "brs-euw-udr-u-aks-to-brh-euw-snt-p-hub-shir",
                        "properties": {
                            "addressPrefix": "10.45.5.0/27",
                            "nextHopType": "VirtualAppliance",
                            "nextHopIpAddress": "10.45.0.52"
                        }
                    }
                ]

            }
        }
    ],
    "outputs": {}
}