{
    "$schema": "https://schema.management.azure.com/schemas/2019-04-01/deploymentParameters.json#",
    "contentVersion": "1.0.0.0",
    "parameters": {
        "storageAccountName": {
            "value": "brheuwstopfwj01"
          },
          "virtualMachineSize": {
            "value": "Standard_DS3_v2"
          },
          "vsrx-name": {
            "value": "brheuwclpfwj"
          },
          "osDiskType":{ 
            "value": "Standard_LRS"
          },
          "vnet-name": {
            "value": "brh-euw-vnt-p-hub"
        },
        "publicIpAddressName": {
          "value": "brh-euw-pip-p-hub-fwj0"
      },
      "publicIpAddressType": {
          "value": "Static"
      },
      "publicIpAddressSku": {
          "value": "Standard"
      },
        "vnet-trust-subnet-name": {
            "value": "brh-euw-snt-p-hub-jp-trust"
        },
        
        "vnet-mgt-subnet-name": {
            "value": "brh-euw-snt-p-hub-jp-mgmt"
        },       
      
        "virtualNetworkExistingRGName": {
            "value": "brh-euw-rsg-p-hub-network"
        },
          
        "vsrx-username": {
            "reference": {
              "keyVault":{
                "id": "/subscriptions/c2242621-293d-4604-918a-42718bca43b8/resourceGroups/brh-euw-rsg-p-hub-keyv/providers/Microsoft.KeyVault/vaults/brh-euw-kv-p-hub-mgmt-01"
              },
              "secretName":"Junipervmadminusername"
            }
          },
        "vsrx-passwordorkey": {
            "reference":{
              "keyvault":{
                "id": "/subscriptions/c2242621-293d-4604-918a-42718bca43b8/resourceGroups/brh-euw-rsg-p-hub-keyv/providers/Microsoft.KeyVault/vaults/brh-euw-kv-p-hub-mgmt-01"
              },
              "secretName":"Junipervmadminpassword"
            }
          },
        "location" :{
            "value": "west europe"
          }
        
        }
      }
    
