{
    "$schema": "https://schema.management.azure.com/schemas/2019-04-01/deploymentParameters.json#",
    "contentVersion": "1.0.0.0",
    "parameters": {
        "AlertName": {
            "value": "Alert ! Service Health Notification"
        },
        "Actiongroup": {
            "value": "/subscriptions/1a9cbd6e-2e53-4c3c-8bda-07375ea858f6/resourceGroups/brh-trn-euw-rsg-hub-monitor/providers/microsoft.insights/actiongroups/brh-trn-euw-ag-hub-amon-01"
        },
        "Alertdescription": {
            "value": "Service Health Notification"
        },
        "Subscriptionid": {
            "value": "/subscriptions/1a9cbd6e-2e53-4c3c-8bda-07375ea858f6"
        }
    }
}