{
    "$schema": "https://schema.management.azure.com/schemas/2019-04-01/deploymentTemplate.json#",
    "contentVersion": "1.0.0.0",
    "parameters": {
        "sharedimagegalleryname": {
            "type": "String",
            "metadata": {
                "description": "name of the shared image gallery"
            }
        },
        "brheuwcwimgw10_imageid": {            
            "type": "String",
            "metadata":{
                "description": "the image id of the windows 10 "
            }
        },
        "galleryimagedefinition": {
            "type": "string",
            "metadata": {
                "description": "the name of the image definition"
            }
        },
        "imageversion": {
            "type": "string",
            "metadata": {
                "description": "description"
            }
        }
    },
    "variables": {},
    "resources": [
        {
            "type": "Microsoft.Compute/galleries",
            "apiVersion": "2020-09-30",
            "name": "[parameters('sharedimagegalleryname')]",
            "location": "westeurope",
            "properties": {
                "identifier": {}
            }
        },
        {
            "type": "Microsoft.Compute/galleries/images",
            "apiVersion": "2020-09-30",
            "name": "[concat(parameters('sharedimagegalleryname'), '/',parameters('galleryimagedefinition'))]",
            "location": "westeurope",
            "dependsOn": [
                "[resourceId('Microsoft.Compute/galleries', parameters('sharedimagegalleryname'))]"
            ],
            "properties": {
                "hyperVGeneration": "V1",
                "osType": "Windows",
                "osState": "Generalized",
                "identifier": {
                    "publisher": "microsoftwindowsdesktop",
                    "offer": "windows-10",
                    "sku": "windows-10"
                },
                "recommended": {
                    "vCPUs": {
                        "min": 1,
                        "max": 1
                    },
                    "memory": {
                        "min": 1,
                        "max": 1
                    }
                }
            }
        },
        {
            "type": "Microsoft.Compute/galleries/images/versions",
            "apiVersion": "2020-09-30",
            "name": "[concat(parameters('sharedimagegalleryname'), '/',parameters('galleryimagedefinition'),'/',parameters('imageversion'))]",
            "location": "westeurope",
            "dependsOn": [
                "[resourceId('Microsoft.Compute/galleries/images', parameters('sharedimagegalleryname'), parameters('galleryimagedefinition'))]",
                "[resourceId('Microsoft.Compute/galleries', parameters('sharedimagegalleryname'))]"
            ],
            "properties": {
                "publishingProfile": {
                    "targetRegions": [
                        {
                            "name": "West Europe",
                            "regionalReplicaCount": 1,
                            "storageAccountType": "Standard_LRS"
                        }
                    ],
                    "replicaCount": 1,
                    "excludeFromLatest": false,
                    "storageAccountType": "Standard_LRS"
                },
                "storageProfile": {
                    "source": {
                        "id": "[parameters('brheuwcwimgw10_imageid')]"
                    },
                    "osDiskImage": {
                        "hostCaching": "ReadWrite",
                        "source": {}
                    }
                }
            }
        }
    ]
}