{
    "$schema": "https://schema.management.azure.com/schemas/2015-01-01/deploymentParameters.json#",
    "contentVersion": "1.0.0.0",
    "parameters": {
        "alertname": {
            "value": "Alert - Hearbeat for Virtual Machine"
        },
        "loganalyticsworkspaceresourceid": {
            "value": "/subscriptions/1a4cdfee-41eb-49dd-b7e9-c310d39c9b49/resourcegroups/pos-euw-rsg-t-monitor/providers/microsoft.operationalinsights/workspaces/pos-euw-la-t-spoke-01"
        },
        "actionGroup": {
            "value": "/subscriptions/1a4cdfee-41eb-49dd-b7e9-c310d39c9b49/resourceGroups/pos-euw-rsg-t-monitor/providers/Microsoft.Insights/actiongroups/pos-euw-ag-t-amon-01"
        },
        "heartbeatthreshold": {
            "value": "0" 
        }
    }
}