{
    "$schema": "https://schema.management.azure.com/schemas/2015-01-01/deploymentParameters.json#",
    "contentVersion": "1.0.0.0",
    "parameters": {
        "alertname": {
            "value": "Alert - Hearbeat for Virtual Machine"
        },
        "loganalyticsworkspaceresourceid": {
            "value": "/subscriptions/6e726a8e-364d-4781-a8ff-2b6d734eded2/resourcegroups/pos-euw-rsg-d-monitor/providers/microsoft.operationalinsights/workspaces/pos-euw-la-d-spoke-01"
        },
        "actionGroup": {
            "value": "/subscriptions/6e726a8e-364d-4781-a8ff-2b6d734eded2/resourceGroups/pos-euw-rsg-d-monitor/providers/Microsoft.Insights/actiongroups/pos-euw-ag-d-amon-01"
        },
        "heartbeatthreshold": {
            "value": "0" 
        }
    }
}