{
    "$schema": "https://schema.management.azure.com/schemas/2019-04-01/deploymentParameters.json#",
    "contentVersion": "1.0.0.0",
    "parameters": {
        "actionGroupName": {
            "value": "brs-euw-ag-t-amon-01"
        },
        "actionGroupShortName": {
            "value": "brs-euw-t-01"
        },
        "WebhookserviceUri": {
            "value": "https://azuremonitor.borealisgroup.com"
        },
        "Webhookname": {
            "value": "Azure Webhook brs"
        }
    }
}